Record_ID,Timestamp,Scenario,Machine_ID,Machine_Type,Machine_Model_Class,Engine_Hours,Machine_Age,Engine_Temperature,Hydraulic_Temperature,Machine_Speed,Fuel_Consumption,Machine_Health_Score,Engine_Load_Percentage,Operator_ID,Experience_Level,Years_Experience,Operating_Shift,Historical_Efficiency,Historical_Idle_Time,Training_Score,Previous_Safety_Events,Operator_Skill_Score,Load_Weight,Load_Percentage,Load_Cycles,Idle_Time,Operating_Mode,Travel_Direction,Harsh_Acceleration,Harsh_Braking,Rapid_Control_Input,Control_Smoothness,Proximity_Violations,Seatbelt_Status,Proximity_Distance,Obstacle_Type,Blind_Zone_Entry,Ground_Slope,Safety_Zone_Status,Emergency_Stop,Safety_Event,Weather,Visibility,Ambient_Temperature,Dust_Level,Ground_Condition,Terrain_Type,Working_Zone,Lighting_Condition,Task_ID,Task_Type,Task_Complexity,Target_Quantity,Completed_Quantity,Historical_Task_Duration,Current_Task_Progress,Estimated_Task_Duration,Actual_Task_Duration,Total_Fuel_Used,Safety_Risk_Score,Safety_Risk_Level,Operator_Anomaly,Anomaly_Score,Anomaly_Reason,Task_Completion_Time,Incident_Type,Fuel_Efficiency
R007622,2026-03-01 15:32,HIGH_FUEL_CONSUMPTION,WHL-307,Wheel Loader,Large Wheel Loader,3983.7,3.0,80.9,63.0,6.92,26.92,81.1,64.7,OP1100,Experienced,5.4,Afternoon,64.4,23.0,77.5,1,59.4,5.1,74.0,105,17.3,Power,Forward,2,0,6,71.0,2,Fastened,14.25,Material_Pile,0,0.4,Clear,0,0,Clear,83.2,30.5,37.2,Dry,Flat,Zone D,Dawn_Dusk,TSK-007622,Stockpiling,2,534.3,534.3,107.9,0.706,89.6,88.6,39.4,23.7,LOW,1,0.7106,Abnormal_Fuel,25.7,No_Incident,13.58
R004178,2026-03-02 08:32,NORMAL_OPERATION,EXC-224,Excavator,Large Excavator (30t class),14744.2,9.3,86.6,66.4,0.37,26.69,56.6,82.1,OP1026,Novice,1.9,Morning,68.4,13.6,65.5,2,39.0,2.41,79.5,158,9.1,Power,Swinging,1,1,7,78.9,2,Fastened,7.71,Vehicle,0,8.5,Clear,0,0,Clear,98.3,28.7,8.2,Dry,Embankment,Zone E,Daylight,TSK-004178,Excavation,2,380.3,380.3,88.3,0.947,76.1,74.9,33.2,28.0,LOW,0,0.1389,Normal,4.4,No_Incident,11.44
R036264,2026-03-02 14:22,EXCESSIVE_IDLE,EXC-218,Excavator,Medium Excavator (20t class),8013.9,7.0,80.9,56.3,0.26,11.4,70.7,54.8,OP1023,Intermediate,2.4,Afternoon,70.1,14.9,62.0,0,41.4,1.42,69.9,464,61.0,Eco,Swinging,4,0,13,75.9,3,Fastened,18.64,Structure,0,3.5,Clear,0,0,Fog,41.6,25.3,31.2,Dry,Gentle_Slope,Zone E,Dawn_Dusk,TSK-036264,Excavation,4,658.0,658.0,198.2,0.853,175.5,353.7,68.8,15.7,LOW,1,0.5214,Excessive_Idle,53.8,No_Incident,9.56
R027292,2026-03-03 07:08,POOR_WEATHER,WHL-310,Wheel Loader,Medium Wheel Loader,4462.1,3.21,81.1,56.1,7.15,11.31,77.3,63.1,OP1091,Expert,18.7,Morning,83.4,23.6,66.4,1,71.3,3.28,73.6,316,43.9,Standard,Reverse,3,2,16,93.7,1,Fastened,9.68,Structure,0,2.2,Clear,0,0,Dust_Wind,48.3,28.1,79.1,Dry,Haul_Road,Zone B,Daylight,TSK-027292,Loading,1,1033.4,1033.4,252.1,0.355,221.1,222.5,42.8,21.5,LOW,0,0.0623,Normal,145.0,No_Incident,24.14
R039623,2026-03-03 22:23,EFFICIENT_OPERATION,WHL-307,Wheel Loader,Large Wheel Loader,3999.4,3.01,81.3,55.8,0.61,15.62,80.1,61.1,OP1082,Experienced,5.9,Night,79.8,42.4,74.9,1,72.2,4.95,72.5,234,54.1,Standard,Stationary,0,2,15,87.3,3,Fastened,17.72,No_Object,0,0.5,Clear,0,0,Hot,59.2,26.4,46.2,Dry,Haul_Road,Zone F,Night_Floodlit,TSK-039623,Material_Transfer,3,1155.6,1155.6,265.7,0.12,222.8,253.9,66.6,6.9,LOW,0,0.0277,Normal,217.0,No_Incident,17.35
R037687,2026-03-04 09:44,NORMAL_OPERATION,EXC-203,Excavator,Large Excavator (30t class),12984.6,8.61,83.9,63.6,2.44,21.45,56.7,74.1,OP1097,Experienced,7.0,Morning,82.4,37.3,79.2,2,80.2,2.12,72.3,165,41.5,Power,Forward,2,0,2,93.7,1,Fastened,6.19,Worker,0,0.0,Clear,0,0,Light_Rain,57.2,23.8,8.6,Wet,Flat,Zone C,Dawn_Dusk,TSK-037687,Trenching,4,349.7,349.7,96.7,0.204,90.9,155.6,58.2,24.3,LOW,0,0.0771,Normal,129.8,No_Incident,6.01
R013746,2026-03-04 18:16,HIGH_FUEL_CONSUMPTION,EXC-203,Excavator,Large Excavator (30t class),12983.6,8.61,86.9,68.9,1.49,24.19,57.8,80.1,OP1097,Experienced,7.0,Afternoon,82.4,37.3,79.2,2,80.2,1.69,52.5,377,92.7,Power,Forward,1,3,37,93.9,1,Unfastened,9.77,Worker,0,16.1,Clear,0,0,Dust_Wind,49.9,30.9,77.7,Dry,Embankment,Zone A,Daylight,TSK-013746,Excavation,4,638.3,638.3,157.8,0.243,127.7,370.1,148.7,55.5,HIGH,0,0.3959,Normal,283.3,No_Incident,4.29
R034326,2026-03-05 09:17,NORMAL_OPERATION,WHL-307,Wheel Loader,Large Wheel Loader,4010.8,3.01,81.8,63.4,4.97,17.99,85.9,69.8,OP1005,Intermediate,2.4,Morning,65.2,24.2,62.2,1,29.4,6.06,83.5,114,30.3,Standard,Reverse,3,1,14,65.2,4,Fastened,8.01,Worker,0,11.1,Clear,0,1,Hot,96.4,34.8,38.4,Loose,Stockpile,Zone D,Daylight,TSK-034326,Material_Transfer,3,690.3,690.3,169.3,0.799,133.1,170.9,53.7,54.5,MEDIUM,0,0.1479,Normal,34.7,Stability_Loss,12.86
R011075,2026-03-05 10:03,STEEP_TERRAIN,EXC-208,Excavator,Large Excavator (30t class),5091.0,3.81,83.5,64.4,0.65,15.27,82.4,80.9,OP1110,Experienced,5.6,Morning,67.3,36.6,67.0,2,62.7,3.04,94.6,260,79.7,Eco,Swinging,1,1,15,81.4,2,Fastened,5.46,Material_Pile,0,15.7,Warning,0,0,Clear,89.2,29.1,20.1,Loose,Embankment,Zone E,Daylight,TSK-011075,Excavation,3,787.6,787.6,251.3,0.461,157.5,236.6,62.1,54.6,MEDIUM,0,0.068,Normal,130.5,No_Incident,12.69
R007551,2026-03-06 17:07,HIGH_LOAD_OPERATION,EXC-209,Excavator,Medium Excavator (20t class),9836.9,8.31,80.9,62.4,0.45,16.03,79.7,69.3,OP1059,Expert,10.4,Afternoon,84.7,19.6,83.4,5,71.9,2.02,101.9,356,27.1,Standard,Swinging,2,0,17,82.5,2,Fastened,7.25,Vehicle,0,1.6,Clear,0,0,Fog,29.1,32.4,45.8,Dry,Haul_Road,Zone B,Daylight,TSK-007551,Loading,2,717.5,717.5,183.3,0.534,181.8,156.6,40.8,12.4,LOW,0,0.0677,Normal,76.2,No_Incident,17.61
R010076,2026-03-07 07:16,EXCESSIVE_IDLE,WHL-309,Wheel Loader,Medium Wheel Loader,12948.7,10.32,81.5,64.0,4.01,14.06,71.2,74.8,OP1071,Intermediate,2.1,Morning,71.5,11.3,58.6,0,31.3,3.35,71.8,186,39.2,Power,Forward,4,4,29,59.3,3,Fastened,13.01,Worker,0,7.6,Clear,0,0,Light_Rain,75.0,26.9,12.9,Wet,Stockpile,Zone D,Daylight,TSK-010076,Material_Transfer,3,622.1,622.1,180.5,0.923,161.1,239.3,58.0,29.4,LOW,1,0.9426,Excessive_Idle,20.4,No_Incident,10.73
R004737,2026-03-07 07:53,UNSAFE_OPERATION,WHL-302,Wheel Loader,Medium Wheel Loader,10107.4,6.92,83.4,63.9,8.74,14.2,70.4,74.0,OP1118,Novice,1.4,Morning,62.5,15.3,64.0,0,38.0,3.36,73.5,126,22.4,Standard,Reverse,6,2,36,49.1,6,Unfastened,4.17,Structure,0,5.5,Warning,0,1,Hot,74.5,32.9,27.8,Dry,Flat,Zone B,Dawn_Dusk,TSK-004737,Loading,4,420.2,420.2,108.0,0.189,89.9,147.0,34.2,64.1,HIGH,1,0.9878,Erratic_Control,114.3,Harsh_Maneuver,12.27
R001468,2026-03-07 14:00,HIGH_FUEL_CONSUMPTION,WHL-314,Wheel Loader,Medium Wheel Loader,11874.4,8.12,80.0,59.6,6.95,17.33,71.7,58.9,OP1033,Intermediate,4.1,Afternoon,76.3,13.6,73.5,3,47.1,2.87,61.9,280,22.1,Standard,Forward,2,2,32,58.5,4,Fastened,4.67,Worker,0,6.5,Warning,0,0,Cloudy,88.0,32.9,42.4,Dry,Stockpile,Zone D,Daylight,TSK-001468,Loading,2,802.3,802.3,216.3,0.905,171.6,217.5,59.8,40.8,MEDIUM,1,0.9445,Abnormal_Fuel,18.7,No_Incident,13.42
R032891,2026-03-07 15:49,HIGH_LOAD_OPERATION,EXC-207,Excavator,Large Excavator (30t class),7355.6,5.02,82.4,63.7,0.69,23.84,84.0,80.9,OP1107,Novice,1.6,Afternoon,61.8,12.4,66.2,1,34.3,3.59,109.1,323,17.3,Standard,Swinging,0,3,19,61.7,2,Fastened,13.36,Material_Pile,0,1.4,Clear,0,0,Clear,91.4,29.1,22.3,Dry,Flat,Zone A,Daylight,TSK-032891,Excavation,1,1157.6,1157.6,226.1,0.854,231.5,171.7,67.5,12.5,LOW,0,0.1133,Normal,25.7,No_Incident,17.15
R022449,2026-03-07 15:55,EFFICIENT_OPERATION,WHL-306,Wheel Loader,Large Wheel Loader,8572.5,5.52,83.2,59.5,6.14,18.28,68.4,61.7,OP1013,Experienced,5.5,Afternoon,72.1,17.2,66.9,2,46.1,5.19,77.7,167,14.7,Standard,Reverse,1,3,7,82.3,2,Fastened,7.23,Worker,0,4.1,Clear,0,0,Clear,85.8,33.4,15.0,Dry,Flat,Zone D,Dawn_Dusk,TSK-022449,Stockpiling,2,862.2,862.2,204.8,0.861,144.5,139.6,43.3,14.3,LOW,0,0.0389,Normal,19.1,No_Incident,19.93
R036733,2026-03-07 19:27,EXCESSIVE_IDLE,EXC-214,Excavator,Large Excavator (30t class),10495.9,8.12,79.8,56.7,0.45,11.62,69.7,57.6,OP1041,Intermediate,2.6,Afternoon,74.5,19.2,61.6,2,41.5,2.54,78.6,220,87.3,Standard,Stationary,1,4,2,78.4,6,Fastened,5.58,Vehicle,0,2.0,Warning,0,0,Fog,34.5,29.7,52.9,Dry,Haul_Road,Zone B,Dawn_Dusk,TSK-036733,Loading,2,558.5,558.5,139.7,0.777,106.1,225.5,45.7,24.2,LOW,1,0.9997,Excessive_Idle,55.8,No_Incident,12.23
R025610,2026-03-08 00:21,EXCESSIVE_IDLE,WHL-301,Wheel Loader,Large Wheel Loader,11658.1,7.82,79.4,54.9,7.5,10.42,56.6,55.7,OP1049,Intermediate,4.0,Night,78.6,30.2,67.3,1,64.7,6.07,86.5,177,191.3,Eco,Forward,6,1,31,61.5,11,Fastened,6.34,Material_Pile,0,3.5,Clear,0,0,Clear,77.5,22.1,30.7,Dry,Flat,Zone B,Night_Floodlit,TSK-025610,Loading,3,1072.2,1072.2,215.0,0.567,170.7,346.8,60.4,43.6,MEDIUM,1,0.9998,Excessive_Idle,151.5,No_Incident,17.74
R023625,2026-03-08 01:17,LOW_VISIBILITY,WHL-310,Wheel Loader,Medium Wheel Loader,4488.6,3.22,81.7,59.6,5.63,10.2,76.1,61.8,OP1091,Expert,18.7,Night,83.4,23.6,66.4,1,71.3,3.98,87.2,131,33.7,Eco,Reverse,6,4,9,86.0,3,Fastened,9.83,Worker,0,4.1,Clear,0,0,Dust_Wind,17.1,26.0,65.3,Dry,Flat,Zone B,Night_Poor,TSK-023625,Loading,3,519.1,519.1,131.7,0.656,111.0,151.5,25.1,61.4,HIGH,0,0.0656,Normal,45.6,No_Incident,20.68
R009295,2026-03-08 10:49,POOR_WEATHER,EXC-208,Excavator,Large Excavator (30t class),5103.8,3.82,78.8,57.9,2.45,20.48,80.4,66.4,OP1076,Experienced,6.5,Morning,75.4,15.7,86.0,2,52.3,2.23,70.2,179,16.1,Standard,Forward,5,2,12,80.9,2,Fastened,8.62,Worker,0,6.7,Clear,0,0,Heavy_Rain,48.6,22.1,0.0,Wet,Gentle_Slope,Zone C,Daylight,TSK-009295,Backfilling,4,398.3,398.3,90.4,0.832,67.7,127.2,44.2,26.7,LOW,0,0.1523,Normal,19.9,No_Incident,9.02
R017594,2026-03-09 01:39,PROXIMITY_HAZARD,EXC-220,Excavator,Large Excavator (30t class),2903.9,1.82,77.8,51.9,2.72,15.07,92.7,57.4,OP1060,Expert,14.1,Night,82.7,23.0,82.5,2,67.7,2.38,72.0,346,30.0,Standard,Forward,0,0,1,83.9,4,Fastened,1.24,Worker,1,1.7,Violated,0,1,Hot,69.9,27.9,24.8,Dry,Flat,Zone B,Night_Floodlit,TSK-017594,Loading,2,821.7,821.7,169.5,0.745,156.1,154.1,40.0,76.9,CRITICAL,0,0.2075,Normal,37.2,Proximity_Near_Miss,20.54
R010235,2026-03-09 15:32,EFFICIENT_OPERATION,WHL-307,Wheel Loader,Large Wheel Loader,4040.6,3.02,81.7,57.6,6.46,14.4,90.3,55.6,OP1052,Experienced,6.0,Afternoon,75.1,14.1,74.9,2,59.2,5.1,71.1,82,4.4,Eco,Reverse,0,0,4,88.7,0,Fastened,20.0,No_Object,0,7.1,Clear,0,0,Dust_Wind,45.1,33.9,87.4,Dry,Stockpile,Zone D,Daylight,TSK-010235,Loading,2,414.7,414.7,71.6,0.152,66.0,71.2,17.3,25.0,LOW,0,0.0208,Normal,62.6,No_Incident,23.94
R039892,2026-03-10 18:26,HIGH_LOAD_OPERATION,WHL-307,Wheel Loader,Large Wheel Loader,4051.8,3.02,83.8,63.5,6.89,23.14,82.1,83.4,OP1052,Experienced,6.0,Afternoon,75.1,14.1,75.1,2,59.2,7.03,99.3,80,12.0,Power,Reverse,2,2,4,80.4,1,Fastened,5.87,Structure,0,12.0,Warning,0,0,Cloudy,78.0,29.5,32.0,Dry,Stockpile,Zone D,Daylight,TSK-039892,Stockpiling,3,560.7,560.7,99.3,0.498,94.0,84.3,32.8,63.4,HIGH,0,0.0875,Normal,38.1,No_Incident,17.1
R034340,2026-03-10 22:42,UNSAFE_OPERATION,EXC-210,Excavator,Medium Excavator (20t class),2897.5,2.12,81.9,62.2,3.43,15.75,82.6,83.8,OP1027,Expert,24.2,Night,85.9,18.4,97.2,5,86.2,1.73,87.6,278,14.4,Standard,Forward,9,7,16,78.4,3,Unfastened,3.18,Vehicle,0,10.9,Warning,1,1,Clear,62.9,24.2,24.1,Dry,Gentle_Slope,Zone E,Night_Floodlit,TSK-034340,Excavation,3,481.5,481.5,127.3,0.733,128.4,111.7,31.0,87.0,CRITICAL,1,0.9966,Repeated_Harsh_Events,28.9,Harsh_Maneuver,15.54
R037529,2026-03-11 14:34,HIGH_LOAD_OPERATION,WHL-312,Wheel Loader,Medium Wheel Loader,5730.3,3.73,80.6,56.6,7.05,10.38,83.4,62.0,OP1004,Intermediate,2.4,Afternoon,64.1,49.2,57.6,1,36.4,4.58,99.8,82,42.1,Standard,Forward,3,0,16,84.8,0,Fastened,8.0,Worker,0,0.9,Clear,0,0,Clear,89.3,30.1,29.3,Dry,Flat,Zone D,Daylight,TSK-037529,Stockpiling,3,374.9,374.9,137.9,0.436,84.4,116.1,20.3,25.3,LOW,0,0.0235,Normal,67.4,No_Incident,18.49
R024390,2026-03-12 10:15,PROXIMITY_HAZARD,EXC-219,Excavator,Large Excavator (30t class),2507.9,2.13,79.1,59.9,1.84,20.36,90.3,73.5,OP1046,Novice,1.9,Morning,71.3,15.7,63.2,2,46.4,2.51,82.9,209,23.6,Standard,Reverse,3,3,21,62.6,2,Unfastened,1.28,Vehicle,0,8.0,Violated,1,1,Fog,32.1,23.5,31.9,Dry,Gentle_Slope,Zone A,Daylight,TSK-024390,Excavation,3,523.4,523.4,130.6,0.447,104.7,158.6,51.6,89.7,CRITICAL,0,0.0607,Normal,80.3,Vehicle_Interaction,10.14
R008147,2026-03-12 11:05,NORMAL_OPERATION,WHL-309,Wheel Loader,Medium Wheel Loader,12996.7,10.33,81.8,59.3,8.85,12.36,66.9,58.2,OP1075,Experienced,6.0,Morning,76.2,20.8,72.2,3,61.1,3.24,74.3,287,23.5,Standard,Forward,1,1,2,74.0,3,Fastened,9.09,Worker,0,0.0,Clear,0,0,Clear,88.5,29.7,23.0,Dry,Flat,Zone B,Daylight,TSK-008147,Loading,2,927.9,927.9,224.1,0.469,198.5,183.4,38.3,32.3,MEDIUM,0,0.0971,Normal,104.0,No_Incident,24.21
R021846,2026-03-12 15:51,MACHINE_OVERHEATING,EXC-211,Excavator,Medium Excavator (20t class),3370.4,2.83,101.5,92.4,0.6,14.56,56.7,62.3,OP1001,Experienced,6.2,Afternoon,75.2,11.9,62.4,2,44.5,1.4,72.0,678,34.6,Standard,Swinging,18,11,26,59.4,9,Fastened,13.11,Material_Pile,0,0.8,Clear,0,0,Clear,82.0,33.3,46.5,Dry,Haul_Road,Zone B,Dawn_Dusk,TSK-021846,Loading,4,951.4,951.4,254.8,0.694,241.0,341.3,79.6,17.0,LOW,0,0.3117,Normal,104.7,No_Incident,11.95
R030471,2026-03-13 06:21,UNSAFE_OPERATION,WHL-304,Wheel Loader,Medium Wheel Loader,5023.2,4.03,81.1,56.1,6.37,13.09,83.7,58.7,OP1022,Expert,17.7,Morning,81.5,16.0,96.2,2,78.0,3.41,71.7,159,16.9,Standard,Forward,2,1,27,85.1,2,Fastened,7.21,Worker,0,5.4,Clear,0,0,Light_Rain,70.7,25.0,1.0,Dry,Flat,Zone D,Daylight,TSK-030471,Stockpiling,3,539.5,539.5,118.0,0.865,121.5,118.5,25.0,34.2,MEDIUM,0,0.2078,Normal,15.5,No_Incident,21.54
R017293,2026-03-13 07:04,PROXIMITY_HAZARD,WHL-307,Wheel Loader,Large Wheel Loader,4082.2,3.03,80.7,59.2,5.12,15.85,82.0,58.3,OP1108,Novice,0.4,Morning,57.4,20.3,60.7,2,14.2,5.15,71.7,192,48.2,Eco,Reverse,4,1,42,71.1,7,Fastened,1.76,Worker,0,5.2,Violated,0,0,Hot,90.8,32.7,45.0,Loose,Stockpile,Zone D,Daylight,TSK-017293,Stockpiling,3,988.0,988.0,220.0,0.204,165.6,295.3,76.2,64.6,HIGH,0,0.1127,Normal,243.0,No_Incident,12.96
R032371,2026-03-13 15:54,NORMAL_OPERATION,WHL-307,Wheel Loader,Large Wheel Loader,4085.0,3.03,83.5,64.1,6.98,19.53,80.0,64.8,OP1100,Experienced,5.4,Afternoon,64.4,23.0,78.0,1,59.4,6.29,87.6,124,27.3,Standard,Forward,8,7,9,71.1,2,Fastened,15.18,No_Object,0,0.5,Clear,0,0,Clear,96.4,32.2,12.4,Dry,Flat,Zone D,Daylight,TSK-032371,Stockpiling,2,775.3,775.3,144.7,0.303,130.0,112.3,36.2,30.8,MEDIUM,0,0.1332,Normal,76.9,No_Incident,21.42
R035951,2026-03-14 08:28,EXCESSIVE_IDLE,EXC-210,Excavator,Medium Excavator (20t class),2935.3,2.14,79.5,59.2,3.1,10.9,82.2,62.3,OP1115,Intermediate,3.0,Morning,71.6,16.6,52.6,1,45.2,1.19,60.8,309,60.9,Standard,Reverse,3,3,17,72.7,3,Unfastened,20.0,No_Object,0,0.0,Clear,0,0,Clear,94.2,27.8,32.6,Dry,Flat,Zone A,Daylight,TSK-035951,Excavation,3,366.0,366.0,119.6,0.879,97.6,192.3,34.6,19.9,LOW,1,0.9993,Excessive_Idle,22.5,No_Incident,10.57
R036189,2026-03-15 00:39,EFFICIENT_OPERATION,WHL-305,Wheel Loader,Medium Wheel Loader,1143.4,0.94,78.9,53.6,5.45,11.36,89.6,59.2,OP1118,Novice,1.4,Night,62.5,15.3,64.3,0,38.0,3.07,70.4,317,23.0,Eco,Forward,3,1,40,76.8,1,Fastened,16.51,Worker,0,9.8,Clear,0,0,Clear,69.0,25.4,34.4,Loose,Stockpile,Zone D,Night_Floodlit,TSK-036189,Stockpiling,2,972.7,972.7,253.9,0.735,219.0,285.3,55.1,26.4,LOW,0,0.017,Normal,78.8,No_Incident,17.67
R037259,2026-03-15 06:42,LOW_VISIBILITY,EXC-221,Excavator,Large Excavator (30t class),12861.7,8.24,85.6,64.7,2.96,25.66,69.9,78.6,OP1032,Intermediate,4.4,Morning,67.2,29.8,67.5,1,45.1,2.77,87.5,293,44.0,Power,Forward,2,0,14,70.0,4,Fastened,7.64,Structure,0,2.6,Clear,0,0,Cloudy,21.8,31.2,15.1,Dry,Flat,Zone A,Night_Poor,TSK-037259,Excavation,3,809.3,809.3,217.9,0.298,161.9,199.5,85.4,33.0,MEDIUM,0,0.0781,Normal,136.1,No_Incident,9.48
R002991,2026-03-15 14:59,NORMAL_OPERATION,EXC-210,Excavator,Medium Excavator (20t class),2927.2,2.14,76.9,57.4,0.27,14.02,87.3,62.0,OP1061,Experienced,8.4,Afternoon,84.6,17.0,86.2,3,68.2,1.28,65.3,483,29.4,Standard,Swinging,5,3,13,78.4,2,Unfastened,7.36,Worker,0,4.1,Clear,0,0,Clear,94.4,33.2,26.2,Dry,Flat,Zone A,Daylight,TSK-002991,Excavation,3,619.6,619.6,173.7,0.251,165.2,207.5,46.9,7.7,LOW,0,0.0911,Normal,154.2,No_Incident,13.22
R006018,2026-03-16 10:47,NORMAL_OPERATION,WHL-307,Wheel Loader,Large Wheel Loader,4110.8,3.04,79.2,55.1,0.29,15.34,85.5,51.8,OP1071,Intermediate,2.1,Morning,71.5,11.3,58.8,0,31.3,5.12,72.0,63,8.6,Eco,Stationary,0,0,3,59.8,0,Fastened,17.25,No_Object,0,1.6,Clear,0,0,Hot,91.5,30.3,47.7,Rocky,Haul_Road,Zone F,Daylight,TSK-006018,Stockpiling,3,318.6,318.6,65.4,0.117,53.4,91.1,23.8,6.3,LOW,0,0.115,Normal,82.0,No_Incident,13.41
R013250,2026-03-16 10:55,STEEP_TERRAIN,EXC-208,Excavator,Large Excavator (30t class),5178.9,3.84,81.9,65.9,0.19,24.14,80.4,83.3,OP1076,Experienced,6.5,Morning,75.4,15.7,86.6,2,52.3,2.25,71.5,301,28.8,Standard,Swinging,0,0,5,90.9,1,Fastened,16.01,Vehicle,0,24.3,Clear,0,0,Clear,100.0,29.3,28.8,Dry,Gentle_Slope,Zone E,Daylight,TSK-013250,Excavation,3,676.1,676.1,122.4,0.176,135.2,177.6,71.5,33.9,MEDIUM,0,0.0818,Normal,147.6,No_Incident,9.45
R011609,2026-03-16 15:04,NORMAL_OPERATION,WHL-315,Wheel Loader,Medium Wheel Loader,9183.4,6.94,84.4,60.6,6.63,10.7,75.6,58.6,OP1056,Intermediate,4.6,Afternoon,80.1,13.1,63.8,1,52.2,3.06,69.0,206,17.5,Eco,Forward,1,1,22,78.4,2,Fastened,9.32,Worker,0,2.4,Clear,0,0,Clear,83.1,37.2,26.0,Dry,Flat,Zone D,Daylight,TSK-011609,Stockpiling,2,628.0,628.0,148.4,0.928,141.4,175.3,29.6,27.4,LOW,0,0.0374,Normal,13.0,No_Incident,21.21
R023420,2026-03-16 18:24,NORMAL_OPERATION,WHL-315,Wheel Loader,Medium Wheel Loader,9185.0,6.94,79.8,61.8,7.01,12.03,76.3,61.8,OP1043,Expert,10.4,Afternoon,83.5,13.6,82.4,4,58.2,2.84,65.8,208,14.2,Standard,Forward,1,3,5,81.6,3,Fastened,5.65,Vehicle,0,0.0,Warning,0,0,Clear,100.0,29.1,38.1,Dry,Haul_Road,Zone B,Daylight,TSK-023420,Loading,2,588.8,588.8,134.1,0.226,126.0,138.1,29.0,17.9,LOW,0,0.0934,Normal,100.0,No_Incident,20.33
R011873,2026-03-17 16:40,NORMAL_OPERATION,EXC-210,Excavator,Medium Excavator (20t class),2966.9,2.14,82.8,60.1,0.29,10.66,80.4,60.3,OP1107,Novice,1.6,Afternoon,61.8,12.4,66.9,1,34.3,1.64,76.7,497,27.7,Eco,Swinging,3,4,23,74.8,2,Fastened,9.4,Worker,0,9.0,Clear,0,0,Clear,92.9,32.2,33.2,Loose,Stockpile,Zone D,Daylight,TSK-011873,Loading,1,811.8,811.8,245.4,0.531,205.7,225.4,39.7,18.6,LOW,0,0.1055,Normal,102.8,No_Incident,20.43
R015836,2026-03-17 17:52,PROXIMITY_HAZARD,WHL-302,Wheel Loader,Medium Wheel Loader,10184.5,6.94,81.3,56.3,5.67,14.33,73.9,65.9,OP1033,Intermediate,4.1,Afternoon,76.3,13.6,73.7,3,47.1,3.67,83.9,232,18.4,Standard,Forward,2,8,25,69.9,3,Fastened,3.05,Worker,0,9.3,Warning,1,1,Clear,86.4,27.9,37.1,Loose,Stockpile,Zone D,Daylight,TSK-015836,Stockpiling,2,849.4,849.4,209.0,0.84,191.3,179.0,43.6,71.1,HIGH,0,0.1172,Normal,28.4,Harsh_Maneuver,19.5
R000107,2026-03-17 18:37,NORMAL_OPERATION,EXC-223,Excavator,Large Excavator (30t class),8739.5,7.04,82.7,62.4,0.0,15.93,80.9,65.9,OP1017,Novice,1.3,Afternoon,66.2,16.2,63.6,0,37.4,2.39,79.0,192,19.7,Standard,Stationary,2,0,14,64.0,4,Fastened,8.81,Vehicle,0,4.1,Clear,0,0,Clear,97.0,34.3,40.5,Dry,Gentle_Slope,Zone E,Daylight,TSK-000107,Backfilling,3,457.3,457.3,105.5,0.886,77.7,111.5,29.1,8.9,LOW,0,0.2578,Normal,11.4,No_Incident,15.72
R039146,2026-03-18 14:37,NORMAL_OPERATION,EXC-222,Excavator,Medium Excavator (20t class),8693.5,5.95,79.9,58.7,0.49,11.31,80.0,53.3,OP1059,Expert,10.4,Afternoon,84.7,19.6,83.4,5,71.9,1.65,79.5,186,13.5,Eco,Swinging,2,0,3,78.0,1,Fastened,16.56,No_Object,0,0.8,Clear,0,0,Hot,70.1,37.1,29.0,Dry,Flat,Zone A,Dawn_Dusk,TSK-039146,Backfilling,4,306.5,306.5,88.2,0.769,69.5,71.5,13.6,14.6,LOW,0,0.0724,Normal,16.7,No_Incident,22.55
R031074,2026-03-18 16:03,NORMAL_OPERATION,EXC-204,Excavator,Medium Excavator (20t class),1490.6,1.25,78.8,59.0,2.57,13.1,95.8,60.8,OP1067,Experienced,7.9,Afternoon,84.1,10.0,62.2,2,48.6,1.54,74.5,497,26.6,Eco,Forward,8,6,13,71.8,5,Fastened,9.46,Material_Pile,0,3.9,Clear,0,0,Fog,31.7,30.8,29.3,Dry,Flat,Zone A,Daylight,TSK-031074,Excavation,4,764.6,764.6,178.6,0.675,203.9,292.5,60.3,32.1,MEDIUM,0,0.1123,Normal,94.6,No_Incident,12.67
R031003,2026-03-19 09:22,HIGH_FUEL_CONSUMPTION,EXC-201,Excavator,Large Excavator (30t class),8011.7,5.55,84.4,58.0,0.52,36.85,80.3,76.6,OP1104,Intermediate,3.6,Morning,74.8,14.3,70.2,2,44.1,2.58,80.1,104,6.7,Power,Stationary,2,0,10,76.9,0,Fastened,10.33,Material_Pile,0,9.7,Clear,0,0,Clear,92.6,28.7,27.4,Dry,Embankment,Zone A,Daylight,TSK-031003,Backfilling,3,267.2,267.2,56.2,0.897,45.4,50.6,29.9,15.3,LOW,1,1.0,Abnormal_Fuel,4.9,No_Incident,8.93
R026552,2026-03-19 14:13,HIGH_LOAD_OPERATION,WHL-315,Wheel Loader,Medium Wheel Loader,9227.9,6.95,84.5,61.2,3.99,14.0,75.1,69.5,OP1056,Intermediate,4.6,Afternoon,80.1,13.1,63.2,1,52.2,4.05,93.8,292,29.7,Standard,Forward,1,2,43,80.3,4,Fastened,14.51,No_Object,0,12.2,Clear,0,0,Clear,85.0,32.6,36.4,Loose,Stockpile,Zone D,Daylight,TSK-026552,Loading,3,1180.0,1180.0,274.3,0.685,252.4,287.3,66.9,50.6,MEDIUM,0,0.1376,Normal,100.6,No_Incident,17.63
R031435,2026-03-19 22:32,NORMAL_OPERATION,WHL-307,Wheel Loader,Large Wheel Loader,4110.1,3.05,79.1,60.8,6.55,12.64,82.2,65.7,OP1082,Experienced,5.9,Night,79.8,42.4,75.3,1,72.2,5.13,72.3,82,31.7,Eco,Reverse,0,1,11,74.6,1,Fastened,18.19,Structure,0,9.9,Clear,0,0,Cloudy,56.2,25.7,21.2,Dry,Stockpile,Zone D,Night_Floodlit,TSK-031435,Stockpiling,1,419.6,419.6,103.5,0.276,70.3,96.8,21.1,33.6,MEDIUM,0,0.0647,Normal,71.6,No_Incident,19.85
R026899,2026-03-20 01:59,HIGH_LOAD_OPERATION,WHL-301,Wheel Loader,Large Wheel Loader,11739.5,7.85,83.7,63.7,5.81,22.73,57.0,73.9,OP1050,Expert,12.2,Night,89.7,8.5,80.8,11,75.3,6.79,99.8,109,10.8,Power,Reverse,1,1,8,80.1,0,Fastened,5.98,Material_Pile,0,2.1,Warning,0,0,Clear,68.1,23.6,25.1,Dry,Flat,Zone B,Night_Floodlit,TSK-026899,Material_Transfer,3,735.1,735.1,148.5,0.329,141.7,138.7,53.8,31.0,MEDIUM,0,0.0434,Normal,97.7,No_Incident,13.66
R018936,2026-03-20 08:05,NORMAL_OPERATION,EXC-211,Excavator,Medium Excavator (20t class),3430.6,2.85,82.3,58.3,1.01,13.51,80.7,60.6,OP1021,Intermediate,2.0,Morning,80.2,9.9,73.7,0,65.0,1.53,75.6,487,15.5,Standard,Swinging,3,3,11,85.0,2,Fastened,8.1,Worker,0,4.1,Clear,0,0,Clear,99.8,30.6,37.8,Dry,Haul_Road,Zone B,Daylight,TSK-018936,Loading,3,744.2,744.2,223.1,0.416,188.5,203.2,44.6,11.0,LOW,0,0.2277,Normal,126.2,No_Incident,16.69
R021908,2026-03-20 08:37,POOR_WEATHER,WHL-315,Wheel Loader,Medium Wheel Loader,9225.3,6.95,81.7,59.0,4.62,9.5,73.9,63.8,OP1054,Expert,13.9,Morning,77.6,21.2,81.1,4,64.6,3.28,73.8,214,52.2,Eco,Reverse,3,3,13,85.7,1,Fastened,15.4,No_Object,0,6.1,Clear,0,0,Heavy_Rain,47.8,23.7,33.2,Wet,Stockpile,Zone D,Daylight,TSK-021908,Material_Transfer,1,1215.4,698.8,307.0,0.618,314.7,279.5,45.2,33.8,MEDIUM,0,0.062,Normal,107.8,No_Incident,15.47
R031749,2026-03-20 09:18,EXCESSIVE_IDLE,EXC-208,Excavator,Large Excavator (30t class),5186.9,3.85,81.1,59.0,1.84,15.46,78.8,59.9,OP1076,Experienced,6.5,Morning,75.4,15.7,86.8,2,52.3,2.22,71.7,138,25.3,Eco,Forward,1,0,4,90.0,0,Fastened,6.9,Vehicle,0,8.2,Clear,0,0,Hot,87.1,33.1,17.5,Dry,Gentle_Slope,Zone A,Daylight,TSK-031749,Excavation,1,304.9,304.9,68.7,0.188,61.0,81.2,20.9,14.6,LOW,1,1.0,Excessive_Idle,66.0,No_Incident,14.6
R027553,2026-03-21 18:05,NORMAL_OPERATION,WHL-309,Wheel Loader,Medium Wheel Loader,13051.0,10.35,83.6,62.8,6.39,9.41,71.6,59.9,OP1078,Expert,12.2,Afternoon,65.9,22.0,59.5,4,61.1,3.81,80.6,203,32.7,Eco,Reverse,3,4,26,70.0,3,Fastened,7.16,Material_Pile,0,7.5,Clear,0,0,Clear,85.0,33.6,38.3,Dry,Stockpile,Zone D,Daylight,TSK-027553,Material_Transfer,2,772.6,772.6,253.1,0.153,200.1,195.6,33.3,29.4,LOW,0,0.1887,Normal,169.6,No_Incident,23.23
R033615,2026-03-22 00:13,NORMAL_OPERATION,EXC-210,Excavator,Medium Excavator (20t class),2995.5,2.15,83.1,58.7,0.0,12.7,82.7,58.2,OP1035,Experienced,6.7,Night,86.6,24.2,90.4,1,83.1,1.37,67.5,393,35.8,Standard,Swinging,2,2,6,98.4,2,Fastened,18.73,No_Object,0,2.3,Clear,0,0,Hot,68.4,29.5,47.8,Dry,Trench_Edge,Zone C,Night_Floodlit,TSK-033615,Backfilling,4,536.0,536.0,132.3,0.599,121.5,166.3,33.3,7.0,LOW,0,0.0933,Normal,65.2,No_Incident,16.09
R028720,2026-03-22 07:34,NORMAL_OPERATION,EXC-212,Excavator,Large Excavator (30t class),1024.2,0.66,80.2,55.3,0.7,13.88,85.9,55.1,OP1000,Intermediate,4.8,Morning,72.9,16.4,68.6,1,52.7,2.18,69.4,316,19.6,Eco,Stationary,5,2,6,77.2,2,Fastened,13.58,No_Object,0,1.5,Clear,0,0,Clear,95.6,30.9,28.6,Dry,Flat,Zone A,Daylight,TSK-028720,Backfilling,3,687.8,687.8,131.2,0.946,116.9,140.4,32.4,8.8,LOW,0,0.0753,Normal,7.4,No_Incident,21.22
R036415,2026-03-22 07:59,NORMAL_OPERATION,EXC-208,Excavator,Large Excavator (30t class),5231.7,3.86,83.0,61.3,2.67,17.32,80.0,56.7,OP1076,Experienced,6.5,Morning,75.4,15.7,86.1,2,52.3,2.05,63.3,521,32.5,Standard,Reverse,1,6,13,89.7,4,Fastened,11.66,Material_Pile,0,2.9,Clear,0,0,Hot,87.5,32.2,39.8,Dry,Flat,Zone B,Daylight,TSK-036415,Loading,2,1067.6,1067.6,240.2,0.447,202.8,244.8,71.6,6.8,LOW,0,0.1948,Normal,124.9,No_Incident,14.92
R017552,2026-03-22 09:46,PROXIMITY_HAZARD,EXC-214,Excavator,Large Excavator (30t class),10603.1,8.16,80.4,60.5,3.5,17.81,67.6,63.0,OP1104,Intermediate,3.6,Morning,74.8,14.3,70.4,2,44.1,2.3,68.1,82,6.6,Standard,Forward,0,1,7,78.9,1,Fastened,0.61,Vehicle,1,1.4,Violated,0,0,Clear,98.2,29.9,15.2,Dry,Flat,Zone A,Daylight,TSK-017552,Trenching,2,187.8,187.8,62.0,0.279,48.8,61.1,18.6,90.3,CRITICAL,0,0.1248,Normal,44.2,No_Incident,10.08
R013710,2026-03-22 17:15,NORMAL_OPERATION,WHL-312,Wheel Loader,Medium Wheel Loader,5807.3,3.76,81.9,58.6,5.97,9.22,81.4,51.1,OP1004,Intermediate,2.4,Afternoon,64.1,49.2,57.7,1,36.4,3.38,77.8,96,53.5,Eco,Forward,2,5,12,81.8,3,Fastened,8.23,Structure,0,1.7,Clear,0,0,Fog,23.6,32.5,26.0,Dry,Flat,Zone D,Dawn_Dusk,TSK-013710,Loading,4,324.3,324.3,120.8,0.91,69.4,161.2,24.2,28.7,LOW,0,0.0461,Normal,14.9,No_Incident,13.41
R000808,2026-03-22 18:13,STEEP_TERRAIN,EXC-211,Excavator,Medium Excavator (20t class),3454.3,2.86,81.5,63.6,1.66,13.45,81.9,73.0,OP1112,Intermediate,2.6,Afternoon,80.6,21.3,64.9,0,46.9,1.31,65.1,317,59.5,Eco,Forward,2,0,33,80.6,8,Fastened,6.06,Worker,0,20.2,Clear,1,1,Heavy_Rain,53.6,27.9,21.3,Muddy,Embankment,Zone A,Daylight,TSK-000808,Trenching,2,414.8,414.8,161.0,0.617,143.8,323.5,72.4,62.7,HIGH,0,0.0807,Normal,116.8,Stability_Loss,5.73
R026525,2026-03-23 10:20,EFFICIENT_OPERATION,EXC-207,Excavator,Large Excavator (30t class),7453.4,5.06,77.8,57.8,0.0,15.47,77.7,53.9,OP1109,Experienced,8.0,Morning,77.0,18.5,85.2,1,63.0,2.25,70.8,311,17.8,Eco,Swinging,0,1,5,92.9,0,Fastened,19.11,No_Object,0,4.5,Clear,0,0,Hot,84.7,31.4,35.5,Dry,Gentle_Slope,Zone A,Dawn_Dusk,TSK-026525,Excavation,3,700.2,700.2,166.0,0.449,140.0,164.8,40.5,9.1,LOW,0,0.0377,Normal,90.9,No_Incident,17.29
R018384,2026-03-23 10:35,NORMAL_OPERATION,EXC-215,Excavator,Medium Excavator (20t class),10924.6,8.66,82.0,59.9,1.83,11.46,68.2,68.8,OP1103,Experienced,5.6,Morning,84.8,20.9,78.1,0,64.0,1.77,84.3,294,27.1,Eco,Forward,3,5,9,78.5,1,Fastened,17.79,No_Object,0,11.1,Clear,0,0,Cloudy,73.0,27.4,44.0,Loose,Stockpile,Zone D,Dawn_Dusk,TSK-018384,Loading,2,517.8,517.8,145.4,0.093,131.2,143.9,27.7,46.9,MEDIUM,0,0.0682,Normal,128.5,No_Incident,18.7
R006472,2026-03-23 16:41,NORMAL_OPERATION,EXC-220,Excavator,Large Excavator (30t class),3001.0,1.86,79.7,63.0,0.93,21.87,87.2,65.0,OP1011,Intermediate,4.3,Afternoon,77.5,14.6,74.0,0,68.3,2.08,65.8,201,15.4,Standard,Swinging,2,1,5,85.9,1,Fastened,17.03,No_Object,0,3.1,Clear,0,0,Hot,77.8,37.9,30.3,Dry,Trench_Edge,Zone C,Dawn_Dusk,TSK-006472,Trenching,3,418.5,418.5,120.1,0.191,108.8,123.0,43.4,14.0,LOW,0,0.041,Normal,100.1,No_Incident,9.63
R014277,2026-03-23 18:37,POOR_WEATHER,EXC-203,Excavator,Large Excavator (30t class),13146.9,8.66,82.0,59.2,2.55,12.95,57.1,49.4,OP1083,Intermediate,4.3,Afternoon,71.2,28.8,68.7,0,57.8,1.86,57.0,184,30.7,Standard,Forward,4,1,8,78.8,1,Fastened,13.31,Structure,0,0.4,Clear,0,0,Dust_Wind,48.4,32.8,66.0,Dry,Flat,Zone A,Daylight,TSK-014277,Backfilling,2,341.3,341.3,88.7,0.257,58.0,122.3,26.2,30.4,MEDIUM,0,0.0544,Normal,90.8,No_Incident,13.04
R013197,2026-03-24 06:12,EFFICIENT_OPERATION,EXC-215,Excavator,Medium Excavator (20t class),10924.8,8.66,83.9,56.1,0.0,10.52,70.9,63.0,OP1103,Experienced,5.6,Morning,84.8,20.9,78.2,0,64.0,1.74,88.1,147,11.1,Eco,Stationary,1,3,7,83.8,1,Fastened,12.76,Vehicle,0,0.8,Clear,0,0,Clear,90.0,29.1,18.1,Dry,Flat,Zone C,Daylight,TSK-013197,Trenching,4,255.9,255.9,105.4,0.063,88.7,93.4,16.2,11.8,LOW,0,0.025,Normal,88.4,No_Incident,15.84
R005472,2026-03-24 23:48,EFFICIENT_OPERATION,EXC-214,Excavator,Large Excavator (30t class),10623.4,8.16,82.9,60.5,1.98,15.78,65.8,62.5,OP1094,Expert,11.1,Night,97.2,21.9,82.1,5,77.2,2.39,74.4,244,10.5,Eco,Reverse,1,1,0,100.0,1,Fastened,16.08,No_Object,0,15.1,Clear,0,0,Clear,67.2,26.1,26.3,Dry,Embankment,Zone E,Night_Floodlit,TSK-005472,Backfilling,1,582.9,582.9,111.7,0.442,99.1,104.0,27.0,41.8,MEDIUM,0,0.0255,Normal,54.3,No_Incident,21.6
R026804,2026-03-25 06:34,NORMAL_OPERATION,EXC-210,Excavator,Medium Excavator (20t class),3037.6,2.17,81.1,57.3,2.51,13.78,82.1,72.6,OP1115,Intermediate,3.0,Morning,71.6,16.6,53.0,1,45.2,1.42,72.3,564,26.0,Power,Forward,4,0,10,60.8,2,Fastened,16.95,No_Object,0,0.1,Clear,0,0,Clear,98.9,22.0,22.1,Dry,Flat,Zone A,Daylight,TSK-026804,Excavation,2,803.0,803.0,289.7,0.455,214.1,189.0,43.9,8.0,LOW,0,0.0967,Normal,101.1,No_Incident,18.28
R029822,2026-03-25 09:57,HIGH_FUEL_CONSUMPTION,EXC-217,Excavator,Medium Excavator (20t class),7613.6,5.87,84.3,65.4,0.33,13.85,60.9,70.0,OP1028,Intermediate,3.7,Morning,72.6,29.3,67.2,1,57.4,1.48,72.6,88,19.3,Power,Stationary,1,0,2,84.6,1,Fastened,12.02,Worker,0,3.6,Clear,0,0,Dust_Wind,49.3,29.0,77.1,Dry,Trench_Edge,Zone C,Daylight,TSK-029822,Trenching,4,130.2,130.2,62.1,0.061,45.1,82.3,19.8,10.5,LOW,0,0.4238,Normal,78.4,No_Incident,6.57
R020146,2026-03-25 11:20,PROXIMITY_HAZARD,EXC-218,Excavator,Medium Excavator (20t class),8207.0,7.07,85.0,66.1,2.23,16.11,73.8,75.9,OP1096,Intermediate,2.5,Morning,76.6,12.8,62.7,3,49.0,1.25,63.9,279,12.0,Standard,Forward,5,4,6,77.4,2,Fastened,3.54,Worker,0,15.7,Warning,0,0,Hot,87.1,35.1,31.0,Loose,Embankment,Zone E,Daylight,TSK-020146,Excavation,2,348.5,348.5,102.2,0.291,92.9,132.9,36.3,50.7,MEDIUM,1,0.5065,Repeated_Harsh_Events,92.7,No_Incident,9.59
R025543,2026-03-25 15:30,EFFICIENT_OPERATION,EXC-201,Excavator,Large Excavator (30t class),8052.5,5.57,82.4,59.1,0.37,14.48,79.8,59.0,OP1051,Intermediate,4.1,Afternoon,68.4,11.0,75.8,2,62.1,2.1,68.0,370,16.3,Eco,Swinging,0,1,11,84.0,3,Fastened,10.94,Worker,0,0.5,Clear,0,0,Light_Rain,78.0,31.6,26.7,Dry,Flat,Zone A,Daylight,TSK-025543,Excavation,3,777.8,777.8,178.8,0.641,155.6,211.2,52.2,9.6,LOW,0,0.0401,Normal,83.3,No_Incident,14.9
R005459,2026-03-26 07:35,LOW_VISIBILITY,EXC-215,Excavator,Medium Excavator (20t class),10935.5,8.67,80.6,59.5,0.61,12.47,68.9,60.2,OP1061,Experienced,8.4,Morning,84.6,17.0,87.0,3,68.2,1.68,85.7,611,35.9,Standard,Swinging,10,8,17,84.3,2,Fastened,10.25,Structure,0,0.0,Clear,0,0,Fog,36.5,26.1,31.5,Dry,Flat,Zone B,Daylight,TSK-005459,Loading,2,1028.5,1028.5,288.7,0.864,260.6,245.7,51.0,16.9,LOW,0,0.1613,Normal,32.9,No_Incident,20.15
R020350,2026-03-26 09:23,PROXIMITY_HAZARD,EXC-201,Excavator,Large Excavator (30t class),8073.0,5.57,81.3,58.6,1.98,20.68,77.7,64.6,OP1051,Intermediate,4.1,Morning,68.4,11.0,76.0,2,62.1,2.06,64.5,340,12.1,Power,Forward,2,0,8,76.8,7,Fastened,1.11,Worker,0,6.5,Violated,1,1,Clear,91.9,27.8,24.7,Dry,Gentle_Slope,Zone C,Daylight,TSK-020350,Backfilling,3,700.0,700.0,118.4,0.644,119.0,149.6,52.4,66.0,HIGH,0,0.3296,Normal,48.3,Proximity_Near_Miss,13.35
R028829,2026-03-26 23:28,NORMAL_OPERATION,EXC-210,Excavator,Medium Excavator (20t class),3003.8,2.17,82.8,60.6,2.29,16.18,83.6,70.0,OP1027,Expert,24.2,Night,85.9,18.4,97.6,5,86.2,1.48,74.3,92,7.1,Standard,Reverse,1,0,4,88.8,2,Fastened,6.58,Structure,0,4.4,Clear,0,0,Clear,71.9,27.4,29.7,Dry,Trench_Edge,Zone C,Night_Floodlit,TSK-028829,Trenching,5,135.3,135.3,59.3,0.063,46.9,58.6,14.9,20.2,LOW,0,0.0858,Normal,54.9,No_Incident,9.06
R013307,2026-03-27 09:57,STEEP_TERRAIN,WHL-308,Wheel Loader,Large Wheel Loader,6448.3,5.27,78.4,61.3,3.96,21.06,83.5,70.4,OP1074,Experienced,7.4,Morning,78.6,38.9,88.7,1,85.0,4.77,70.6,135,47.3,Standard,Reverse,0,1,5,78.8,2,Fastened,9.52,Worker,0,20.4,Clear,0,0,Light_Rain,77.6,21.5,21.9,Dry,Embankment,Zone E,Daylight,TSK-013307,Material_Transfer,3,641.1,641.1,130.5,0.675,123.6,193.5,68.4,43.1,MEDIUM,0,0.1668,Normal,55.7,No_Incident,9.38
R005959,2026-03-28 06:02,POOR_WEATHER,EXC-219,Excavator,Large Excavator (30t class),2618.9,2.17,75.8,52.2,2.37,17.63,89.3,59.9,OP1046,Novice,1.9,Morning,71.3,15.7,63.2,2,46.4,1.99,65.2,377,42.4,Eco,Forward,1,3,35,66.4,6,Fastened,11.8,Worker,0,8.2,Clear,0,0,Dust_Wind,52.8,25.8,78.5,Dry,Gentle_Slope,Zone A,Daylight,TSK-005959,Excavation,5,748.2,748.2,173.8,0.817,149.6,320.3,95.8,21.4,LOW,0,0.1746,Normal,57.5,No_Incident,7.81
R019536,2026-03-28 07:40,EFFICIENT_OPERATION,EXC-221,Excavator,Large Excavator (30t class),12944.4,8.27,85.2,64.9,2.16,16.53,68.2,68.6,OP1036,Experienced,5.4,Morning,72.4,18.2,75.7,3,69.4,2.46,75.2,122,10.5,Standard,Reverse,1,2,14,82.4,0,Unfastened,7.46,Worker,0,5.4,Clear,0,0,Hot,90.1,33.8,38.4,Dry,Trench_Edge,Zone C,Daylight,TSK-019536,Trenching,4,297.6,297.6,80.1,0.572,77.4,94.0,26.3,16.6,LOW,0,0.0191,Normal,42.5,No_Incident,11.31
R021725,2026-03-28 18:06,HIGH_LOAD_OPERATION,EXC-203,Excavator,Large Excavator (30t class),13185.4,8.67,88.9,73.9,3.02,21.24,58.3,83.6,OP1083,Intermediate,4.3,Afternoon,71.2,28.8,67.9,0,57.8,3.86,110.0,184,40.2,Power,Forward,1,1,11,80.5,2,Fastened,6.66,Vehicle,0,2.1,Clear,0,0,Hot,88.3,35.1,29.7,Dry,Flat,Zone A,Daylight,TSK-021725,Excavation,2,708.6,708.6,176.2,0.581,141.7,150.1,51.3,27.6,LOW,0,0.1452,Normal,60.7,No_Incident,13.81
R016176,2026-03-28 18:32,MACHINE_OVERHEATING,WHL-304,Wheel Loader,Medium Wheel Loader,5151.2,4.07,101.1,82.1,0.18,11.51,64.0,72.1,OP1101,Experienced,5.7,Afternoon,75.1,37.5,72.9,1,67.7,3.9,87.1,169,49.8,Standard,Stationary,0,0,10,91.3,0,Fastened,15.92,No_Object,0,5.5,Clear,0,0,Cloudy,85.6,36.3,28.3,Dry,Haul_Road,Zone B,Daylight,TSK-016176,Loading,3,656.5,656.5,193.3,0.188,140.4,172.9,32.6,15.5,LOW,0,0.0361,Normal,146.2,No_Incident,20.14
R001769,2026-03-28 23:29,HIGH_LOAD_OPERATION,WHL-307,Wheel Loader,Large Wheel Loader,4190.2,3.07,78.9,57.2,6.26,17.01,83.4,74.1,OP1082,Experienced,5.9,Night,79.8,42.4,75.7,1,72.2,6.57,100.1,77,26.8,Standard,Reverse,1,1,6,73.9,0,Fastened,6.01,Worker,0,9.8,Clear,0,0,Clear,69.5,21.7,29.8,Dry,Stockpile,Zone D,Night_Floodlit,TSK-001769,Loading,2,501.2,501.2,96.5,0.595,79.8,92.0,25.3,62.7,HIGH,0,0.0258,Normal,35.5,No_Incident,19.79
R018691,2026-03-29 00:34,NORMAL_OPERATION,EXC-221,Excavator,Large Excavator (30t class),12943.8,8.27,81.1,60.9,0.56,19.44,69.4,67.4,OP1104,Intermediate,3.6,Night,74.8,14.3,70.2,2,44.1,2.62,83.0,174,16.5,Standard,Stationary,0,1,10,80.0,1,Fastened,16.5,No_Object,0,8.2,Clear,0,0,Cloudy,76.1,26.5,27.4,Loose,Embankment,Zone A,Night_Floodlit,TSK-018691,Excavation,5,453.8,453.8,107.6,0.331,90.8,138.0,45.0,19.9,LOW,0,0.0518,Normal,87.1,No_Incident,10.09
R038813,2026-03-29 07:40,HIGH_FUEL_CONSUMPTION,WHL-307,Wheel Loader,Large Wheel Loader,4187.2,3.08,79.4,60.0,0.26,36.95,82.4,67.1,OP1079,Experienced,8.5,Morning,78.8,17.5,67.8,5,67.1,5.33,79.6,135,16.4,Power,Stationary,4,5,12,66.6,3,Fastened,20.0,No_Object,0,4.9,Clear,0,0,Clear,91.7,24.5,42.8,Dry,Haul_Road,Zone F,Daylight,TSK-038813,Material_Transfer,1,718.7,718.7,146.9,0.677,138.5,109.0,64.0,12.2,LOW,1,1.0,Abnormal_Fuel,32.6,No_Incident,11.24
R002586,2026-03-29 17:37,NORMAL_OPERATION,WHL-312,Wheel Loader,Medium Wheel Loader,5838.3,3.78,82.0,63.3,4.38,12.97,81.6,74.2,OP1012,Intermediate,4.1,Afternoon,74.1,17.3,68.8,1,52.0,3.58,79.9,248,27.1,Eco,Reverse,0,3,20,71.8,4,Fastened,6.8,Worker,0,12.2,Clear,0,0,Clear,83.9,33.2,40.1,Dry,Stockpile,Zone D,Dawn_Dusk,TSK-002586,Stockpiling,1,885.6,885.6,224.0,0.256,199.4,181.9,40.4,36.8,MEDIUM,0,0.0786,Normal,143.2,No_Incident,21.91
R033656,2026-03-30 09:44,NORMAL_OPERATION,WHL-307,Wheel Loader,Large Wheel Loader,4209.5,3.08,86.4,62.8,7.89,22.75,86.5,75.8,OP1075,Experienced,6.0,Morning,76.2,20.8,72.5,3,61.1,5.4,78.3,116,28.1,Power,Reverse,1,1,12,77.3,0,Fastened,14.95,No_Object,0,6.3,Clear,0,0,Hot,85.3,35.2,45.5,Dry,Stockpile,Zone D,Daylight,TSK-033656,Material_Transfer,2,622.0,622.0,149.1,0.181,119.9,121.8,46.8,28.5,LOW,0,0.148,Normal,102.1,No_Incident,13.28
R034916,2026-03-30 14:05,STEEP_TERRAIN,EXC-210,Excavator,Medium Excavator (20t class),3056.9,2.18,88.6,69.8,0.74,17.98,83.0,93.7,OP1034,Experienced,5.7,Afternoon,83.1,14.6,74.5,0,60.2,1.88,90.9,186,14.8,Standard,Swinging,1,4,11,80.8,3,Fastened,15.34,No_Object,0,24.3,Clear,1,1,Hot,81.7,38.3,27.1,Loose,Gentle_Slope,Zone A,Dawn_Dusk,TSK-034916,Excavation,3,349.1,349.1,112.0,0.282,93.1,109.7,32.9,77.4,CRITICAL,0,0.107,Normal,81.2,Stability_Loss,10.6
R003227,2026-03-30 16:56,NORMAL_OPERATION,EXC-222,Excavator,Medium Excavator (20t class),8742.8,5.98,82.3,65.7,0.54,11.24,78.8,75.1,OP1088,Experienced,8.5,Afternoon,76.8,29.1,65.4,0,51.6,1.9,93.9,232,32.0,Eco,Swinging,1,1,7,86.1,1,Fastened,12.6,Worker,0,7.7,Clear,0,0,Clear,91.9,30.6,35.6,Dry,Gentle_Slope,Zone C,Daylight,TSK-003227,Backfilling,2,441.1,441.1,138.6,0.261,100.0,112.2,21.6,12.9,LOW,0,0.1592,Normal,76.5,No_Incident,20.39
R001631,2026-03-30 17:58,EXCESSIVE_IDLE,EXC-223,Excavator,Large Excavator (30t class),8845.3,7.08,82.8,65.8,1.93,15.07,79.2,70.0,OP1081,Experienced,5.7,Afternoon,64.4,43.9,72.9,0,59.0,2.47,77.5,275,123.4,Standard,Reverse,1,4,31,76.2,6,Fastened,18.55,No_Object,0,6.3,Clear,0,0,Clear,74.8,32.3,37.5,Loose,Stockpile,Zone D,Dawn_Dusk,TSK-001631,Loading,3,676.9,676.9,200.8,0.598,128.6,254.9,63.0,17.8,LOW,0,0.4069,Normal,104.8,No_Incident,10.75
R029599,2026-03-31 06:10,NORMAL_OPERATION,EXC-204,Excavator,Medium Excavator (20t class),1567.9,1.28,83.6,64.7,0.0,12.59,93.5,77.5,OP1060,Expert,14.1,Morning,82.7,23.0,83.2,2,67.7,1.63,88.2,269,25.0,Standard,Swinging,0,0,7,89.8,3,Unfastened,18.12,No_Object,0,1.4,Clear,0,0,Hot,87.6,31.2,23.9,Dry,Flat,Zone A,Daylight,TSK-029599,Excavation,4,437.2,437.2,126.4,0.334,116.6,118.6,25.4,11.6,LOW,0,0.1408,Normal,77.4,No_Incident,17.22
R016110,2026-03-31 10:07,LOW_VISIBILITY,WHL-313,Wheel Loader,Medium Wheel Loader,5997.4,3.98,84.6,55.7,4.64,9.89,75.1,49.9,OP1022,Expert,17.7,Morning,81.5,16.0,96.6,2,78.0,3.04,68.5,191,23.8,Eco,Forward,1,1,11,86.6,5,Fastened,5.14,Material_Pile,0,6.9,Warning,0,0,Dust_Wind,22.3,30.4,87.1,Dry,Haul_Road,Zone B,Daylight,TSK-016110,Loading,3,579.7,579.7,133.2,0.311,124.0,214.0,37.1,29.8,LOW,0,0.1171,Normal,146.8,No_Incident,15.62
R000841,2026-03-31 17:39,PROXIMITY_HAZARD,EXC-217,Excavator,Medium Excavator (20t class),7665.2,5.88,88.0,69.6,2.4,20.06,63.8,82.0,OP1011,Intermediate,4.3,Afternoon,77.5,14.6,74.5,0,68.3,1.64,78.9,232,18.0,Power,Forward,0,1,15,86.4,5,Fastened,3.54,Vehicle,0,12.4,Warning,0,0,Cloudy,90.0,33.2,22.3,Dry,Embankment,Zone A,Daylight,TSK-000841,Trenching,2,380.4,380.4,135.0,0.363,131.9,127.6,42.0,48.2,MEDIUM,0,0.2377,Normal,82.8,No_Incident,9.05
R039759,2026-03-31 23:51,PROXIMITY_HAZARD,EXC-206,Excavator,Large Excavator (30t class),11438.7,9.88,81.8,63.2,3.42,20.95,67.3,59.2,OP1044,Experienced,6.8,Night,79.9,12.4,76.9,1,74.4,2.09,64.9,171,6.6,Power,Forward,2,0,5,89.0,2,Fastened,1.2,Vehicle,0,0.4,Violated,0,0,Hot,67.5,28.1,56.0,Dry,Haul_Road,Zone B,Night_Floodlit,TSK-039759,Loading,2,356.3,356.3,64.3,0.769,67.7,67.6,23.4,54.7,MEDIUM,0,0.1462,Normal,16.5,No_Incident,15.25
R009697,2026-04-01 08:14,PROXIMITY_HAZARD,WHL-307,Wheel Loader,Large Wheel Loader,4214.4,3.08,83.3,64.5,5.95,15.86,84.3,61.5,OP1005,Intermediate,2.4,Morning,65.2,24.2,62.7,1,29.4,5.66,80.3,228,50.4,Eco,Forward,4,4,17,67.2,9,Fastened,2.89,Worker,0,10.9,Violated,0,0,Clear,93.9,36.8,47.4,Loose,Stockpile,Zone D,Daylight,TSK-009697,Material_Transfer,1,1285.3,1285.3,331.5,0.871,247.8,267.8,72.1,75.3,CRITICAL,0,0.4283,Normal,33.2,No_Incident,17.82
R011177,2026-04-01 10:03,UNSAFE_OPERATION,WHL-309,Wheel Loader,Medium Wheel Loader,13121.8,10.38,85.9,62.7,7.36,11.92,68.7,65.7,OP1075,Experienced,6.0,Morning,76.2,20.8,72.0,3,61.1,3.84,87.5,171,49.7,Standard,Reverse,7,10,50,58.5,3,Unfastened,6.7,Vehicle,0,9.7,Clear,0,0,Hot,80.0,34.7,52.0,Rocky,Haul_Road,Zone B,Daylight,TSK-011177,Loading,4,654.8,654.8,170.5,0.255,140.1,216.3,43.2,81.2,CRITICAL,1,0.9794,Erratic_Control,168.7,No_Incident,15.16
R000871,2026-04-02 23:49,PROXIMITY_HAZARD,EXC-206,Excavator,Large Excavator (30t class),11446.3,9.89,85.0,65.3,3.02,19.83,66.0,64.3,OP1044,Experienced,6.8,Night,79.9,12.4,76.1,1,74.4,2.44,74.7,299,16.2,Standard,Reverse,8,3,6,82.9,7,Fastened,3.1,Worker,1,3.1,Warning,1,1,Hot,74.6,33.9,26.4,Dry,Flat,Zone B,Night_Floodlit,TSK-000871,Loading,3,729.3,729.3,120.1,0.716,138.6,182.0,58.7,72.1,HIGH,1,0.5229,Repeated_Proximity_Violations,56.8,Proximity_Near_Miss,12.43
R011438,2026-04-03 07:28,LOW_VISIBILITY,WHL-307,Wheel Loader,Large Wheel Loader,4209.8,3.09,85.3,64.2,4.55,17.49,81.0,62.2,OP1005,Intermediate,2.4,Morning,65.2,24.2,62.5,1,29.4,5.44,77.7,117,27.1,Standard,Forward,6,3,5,73.4,1,Fastened,10.42,Worker,0,1.3,Clear,0,0,Clear,19.4,39.8,15.7,Dry,Flat,Zone B,Night_Poor,TSK-011438,Loading,2,636.0,636.0,134.3,0.175,101.3,144.2,42.4,42.4,MEDIUM,0,0.0559,Normal,116.5,No_Incident,14.99
R030084,2026-04-03 09:53,POOR_WEATHER,EXC-201,Excavator,Large Excavator (30t class),8125.0,5.59,83.2,64.1,0.17,18.93,77.8,71.7,OP1028,Intermediate,3.7,Morning,72.6,29.3,67.7,1,57.4,2.25,74.7,298,49.6,Power,Swinging,2,2,17,85.2,1,Fastened,4.17,Worker,0,2.1,Warning,0,0,Heavy_Rain,41.7,30.5,8.2,Wet,Flat,Zone C,Daylight,TSK-030084,Excavation,3,670.6,670.6,172.8,0.865,134.1,215.2,69.0,15.5,LOW,0,0.0457,Normal,31.7,No_Incident,9.72
R013548,2026-04-03 10:37,HIGH_LOAD_OPERATION,WHL-303,Wheel Loader,Medium Wheel Loader,9381.9,6.99,84.5,66.1,5.47,12.87,70.5,78.9,OP1068,Intermediate,4.6,Morning,81.4,25.6,74.7,2,73.1,4.48,101.3,110,44.7,Power,Forward,1,1,18,84.9,2,Fastened,17.82,Vehicle,0,4.1,Clear,0,0,Dust_Wind,59.4,32.8,90.3,Dry,Haul_Road,Zone F,Daylight,TSK-013548,Material_Transfer,2,817.9,490.1,226.3,0.725,211.8,150.2,32.9,26.4,LOW,0,0.3831,Normal,36.1,No_Incident,14.91
R029699,2026-04-03 17:08,NORMAL_OPERATION,EXC-206,Excavator,Large Excavator (30t class),11487.6,9.89,79.7,61.4,0.41,19.75,71.0,62.3,OP1059,Expert,10.4,Afternoon,84.7,19.6,83.5,5,71.9,2.21,68.1,153,24.2,Standard,Swinging,2,4,13,79.2,2,Fastened,8.36,Worker,0,4.0,Clear,0,0,Clear,89.5,34.2,29.5,Dry,Trench_Edge,Zone C,Dawn_Dusk,TSK-029699,Trenching,5,338.4,338.4,97.8,0.738,88.0,135.5,43.5,9.8,LOW,0,0.1337,Normal,39.4,No_Incident,7.78
R018716,2026-04-04 06:11,NORMAL_OPERATION,WHL-304,Wheel Loader,Medium Wheel Loader,5222.5,4.09,86.8,63.5,5.92,13.27,84.4,66.2,OP1086,Expert,12.2,Morning,87.7,22.8,87.7,5,80.7,3.81,83.7,281,46.5,Standard,Reverse,4,2,10,86.9,2,Fastened,7.33,Structure,0,1.6,Clear,0,0,Hot,88.3,39.0,29.8,Dry,Flat,Zone D,Daylight,TSK-018716,Material_Transfer,4,1069.8,1069.8,293.9,0.184,277.0,262.9,55.1,13.9,LOW,0,0.0233,Normal,217.2,No_Incident,19.4
R008574,2026-04-04 14:13,EFFICIENT_OPERATION,EXC-218,Excavator,Medium Excavator (20t class),8240.0,7.09,78.9,59.3,0.18,9.64,70.2,51.4,OP1059,Expert,10.4,Afternoon,84.7,19.6,84.6,5,71.9,1.47,72.7,451,18.1,Eco,Swinging,0,1,16,90.9,2,Fastened,7.53,Worker,0,2.0,Clear,0,0,Clear,77.3,33.5,27.2,Dry,Flat,Zone C,Dawn_Dusk,TSK-008574,Backfilling,2,660.3,660.3,149.3,0.642,149.7,173.9,27.8,4.9,LOW,0,0.0427,Normal,66.8,No_Incident,23.76
R039289,2026-04-04 19:08,NORMAL_OPERATION,EXC-210,Excavator,Medium Excavator (20t class),3096.3,2.19,85.7,65.8,0.99,13.1,82.8,79.7,OP1061,Experienced,8.4,Afternoon,84.6,17.0,86.3,3,68.2,1.67,84.2,450,34.8,Eco,Swinging,3,0,13,75.4,1,Fastened,15.79,No_Object,0,11.5,Clear,0,0,Clear,92.8,36.4,42.8,Dry,Embankment,Zone E,Daylight,TSK-039289,Excavation,3,751.2,751.2,207.8,0.941,200.3,242.4,54.3,10.9,LOW,0,0.0758,Normal,12.6,No_Incident,13.82
R011987,2026-04-05 11:13,POOR_WEATHER,EXC-208,Excavator,Large Excavator (30t class),5310.6,3.9,80.4,56.1,0.63,14.01,79.8,49.5,OP1010,Experienced,7.0,Morning,71.3,28.9,80.1,1,68.2,2.33,73.4,412,62.8,Standard,Swinging,5,5,38,74.1,4,Fastened,6.28,Vehicle,0,1.7,Clear,0,0,Heavy_Rain,33.5,33.8,24.2,Muddy,Haul_Road,Zone B,Dawn_Dusk,TSK-011987,Loading,1,956.3,956.3,227.0,0.487,181.7,255.1,58.9,30.4,MEDIUM,0,0.0944,Normal,118.3,No_Incident,16.25
R038304,2026-04-06 10:39,EFFICIENT_OPERATION,EXC-211,Excavator,Medium Excavator (20t class),3569.5,2.9,83.0,64.1,0.64,10.4,76.7,58.4,OP1085,Intermediate,2.0,Morning,63.6,30.1,65.0,2,34.8,1.48,72.7,146,7.1,Standard,Swinging,1,1,4,78.1,1,Fastened,7.31,Structure,0,2.0,Clear,0,0,Clear,93.9,35.7,19.9,Dry,Flat,Zone A,Daylight,TSK-038304,Backfilling,3,215.4,215.4,67.1,0.817,48.8,62.2,10.8,8.7,LOW,0,0.0606,Normal,10.3,No_Incident,19.94
R017365,2026-04-06 19:22,NORMAL_OPERATION,EXC-203,Excavator,Large Excavator (30t class),13203.5,8.7,86.9,73.9,0.0,18.49,56.2,78.2,OP1097,Experienced,7.0,Afternoon,82.4,37.3,80.3,2,80.2,2.46,77.4,91,15.4,Standard,Swinging,0,1,3,89.4,0,Fastened,6.38,Vehicle,0,17.2,Clear,0,0,Clear,79.9,37.0,26.9,Dry,Embankment,Zone E,Daylight,TSK-017365,Backfilling,3,221.8,221.8,54.8,0.507,37.7,60.1,19.0,34.7,MEDIUM,0,0.2777,Normal,31.8,No_Incident,11.68
R015946,2026-04-07 01:59,HIGH_FUEL_CONSUMPTION,WHL-310,Wheel Loader,Medium Wheel Loader,4726.0,3.3,83.8,58.5,5.36,16.7,81.0,64.5,OP1093,Intermediate,3.4,Night,77.1,10.9,66.5,1,46.6,3.24,74.0,239,16.4,Power,Reverse,8,0,24,73.1,3,Fastened,9.99,Material_Pile,0,3.1,Clear,0,0,Hot,68.9,33.1,49.7,Dry,Haul_Road,Zone B,Night_Floodlit,TSK-015946,Loading,2,771.3,771.3,165.7,0.552,165.0,186.6,51.0,28.1,LOW,1,0.9876,Abnormal_Fuel,92.1,No_Incident,15.13
R027953,2026-04-07 08:23,LOW_VISIBILITY,EXC-221,Excavator,Large Excavator (30t class),13033.7,8.3,81.9,59.7,0.59,13.7,67.4,46.1,OP1036,Experienced,5.4,Morning,72.4,18.2,75.8,3,69.4,2.24,67.3,189,15.1,Eco,Stationary,3,4,10,80.4,1,Fastened,11.08,Structure,0,2.6,Clear,0,0,Fog,29.7,33.6,33.2,Dry,Flat,Zone B,Daylight,TSK-027953,Loading,1,421.9,421.9,92.6,0.353,80.2,98.0,23.3,15.4,LOW,0,0.0536,Normal,63.2,No_Incident,18.07
R029738,2026-04-07 11:12,EFFICIENT_OPERATION,EXC-213,Excavator,Large Excavator (30t class),12826.2,9.6,85.3,66.3,0.0,22.61,58.6,66.5,OP1032,Intermediate,4.4,Morning,67.2,29.8,68.4,1,45.1,1.88,59.6,282,27.1,Standard,Swinging,3,1,10,78.3,0,Fastened,20.0,No_Object,0,2.3,Clear,0,0,Clear,88.3,31.3,32.5,Dry,Flat,Zone C,Daylight,TSK-029738,Excavation,3,528.0,528.0,139.3,0.22,105.6,180.3,63.0,11.2,LOW,0,0.007,Normal,144.1,No_Incident,8.38
R023327,2026-04-07 16:26,MACHINE_OVERHEATING,EXC-211,Excavator,Medium Excavator (20t class),3549.9,2.9,109.8,90.3,0.9,12.09,54.4,52.4,OP1009,Intermediate,3.8,Afternoon,78.8,25.2,72.2,1,59.3,1.24,62.1,328,34.7,Standard,Swinging,1,2,29,67.0,4,Fastened,14.76,No_Object,0,1.9,Clear,0,0,Clear,89.7,41.0,29.9,Dry,Flat,Zone B,Daylight,TSK-023327,Loading,3,407.6,407.6,129.7,0.097,103.3,180.8,34.6,13.2,LOW,0,0.0578,Normal,162.6,No_Incident,11.79
R002536,2026-04-08 10:33,UNSAFE_OPERATION,EXC-205,Excavator,Medium Excavator (20t class),11526.8,10.2,87.1,72.0,3.08,15.11,73.2,84.6,OP1094,Expert,11.1,Morning,97.2,21.9,83.0,5,77.2,1.63,79.2,206,12.4,Power,Reverse,1,0,15,78.3,0,Unfastened,3.8,Material_Pile,0,9.0,Warning,0,0,Hot,81.1,41.0,46.6,Dry,Gentle_Slope,Zone E,Daylight,TSK-002536,Excavation,1,333.9,333.9,85.1,0.171,89.1,71.1,17.5,38.7,MEDIUM,1,0.8529,Erratic_Control,57.8,No_Incident,19.07
R031540,2026-04-09 08:05,NORMAL_OPERATION,WHL-309,Wheel Loader,Medium Wheel Loader,13179.0,10.41,84.8,64.5,6.94,11.23,67.8,58.9,OP1075,Experienced,6.0,Morning,76.2,20.8,72.0,3,61.1,3.89,84.4,172,31.1,Standard,Reverse,1,1,9,72.6,7,Fastened,6.93,Worker,0,1.4,Clear,0,0,Cloudy,85.8,40.4,22.0,Dry,Flat,Zone B,Daylight,TSK-031540,Loading,3,668.5,668.5,159.8,0.255,143.0,153.4,29.2,26.7,LOW,0,0.3927,Normal,112.3,No_Incident,22.9
R010673,2026-04-09 14:13,STEEP_TERRAIN,EXC-209,Excavator,Medium Excavator (20t class),10129.0,8.41,83.4,66.2,0.38,17.16,74.7,76.0,OP1034,Experienced,5.7,Afternoon,83.1,14.6,74.6,0,60.2,1.7,85.1,579,34.9,Standard,Swinging,1,7,32,77.4,2,Fastened,8.58,Worker,0,19.9,Clear,0,0,Dust_Wind,44.2,37.0,64.8,Dry,Embankment,Zone E,Dawn_Dusk,TSK-010673,Loading,1,985.1,985.1,243.5,0.283,249.6,264.7,74.9,72.9,HIGH,0,0.2413,Normal,190.5,No_Incident,13.14
R019812,2026-04-09 15:31,HIGH_LOAD_OPERATION,WHL-312,Wheel Loader,Medium Wheel Loader,5937.1,3.81,87.1,71.6,6.86,12.38,84.8,85.1,OP1004,Intermediate,2.4,Afternoon,64.1,49.2,58.9,1,36.4,4.65,105.2,121,81.2,Power,Forward,1,1,5,87.2,5,Fastened,15.35,Vehicle,0,3.2,Clear,0,0,Hot,96.3,46.0,40.0,Dry,Flat,Zone D,Daylight,TSK-019812,Material_Transfer,3,922.6,561.4,405.7,0.621,238.9,215.6,45.7,28.9,LOW,0,0.0901,Normal,80.4,No_Incident,12.28
R000155,2026-04-10 00:45,NORMAL_OPERATION,EXC-218,Excavator,Medium Excavator (20t class),8314.3,7.11,83.6,64.6,0.66,13.01,69.1,67.2,OP1023,Intermediate,2.4,Night,70.1,14.9,63.2,0,41.4,1.49,74.7,399,22.1,Eco,Swinging,2,2,7,57.4,0,Fastened,5.04,Worker,0,0.3,Warning,0,0,Cloudy,66.0,31.1,26.1,Dry,Flat,Zone A,Night_Floodlit,TSK-000155,Excavation,2,594.8,594.8,206.9,0.472,158.6,180.6,37.6,15.6,LOW,1,0.96,Erratic_Control,93.1,No_Incident,15.84
R031449,2026-04-10 08:02,HIGH_LOAD_OPERATION,EXC-201,Excavator,Large Excavator (30t class),8205.3,5.61,86.8,69.8,0.39,27.66,77.7,93.5,OP1051,Intermediate,4.1,Morning,68.4,11.0,77.3,2,62.1,3.22,102.5,95,3.5,Power,Swinging,1,1,9,80.9,0,Fastened,6.55,Structure,0,7.8,Clear,0,0,Clear,95.3,35.5,28.1,Dry,Gentle_Slope,Zone E,Daylight,TSK-031449,Excavation,3,304.7,304.7,67.1,0.693,60.9,51.5,23.3,14.9,LOW,0,0.0216,Normal,13.8,No_Incident,13.06
R024096,2026-04-10 08:25,HIGH_FUEL_CONSUMPTION,EXC-204,Excavator,Medium Excavator (20t class),1630.8,1.31,81.4,65.0,0.36,25.16,93.5,77.5,OP1087,Intermediate,2.5,Morning,76.3,24.8,67.0,0,54.1,1.45,69.0,365,30.0,Power,Swinging,1,3,14,72.6,3,Fastened,5.85,Structure,0,7.0,Warning,0,0,Clear,85.0,34.0,24.8,Dry,Gentle_Slope,Zone E,Daylight,TSK-024096,Excavation,4,527.1,527.1,192.6,0.869,140.6,185.2,82.5,9.4,LOW,1,1.0,Abnormal_Fuel,24.6,No_Incident,6.39
R003075,2026-04-10 17:01,NORMAL_OPERATION,EXC-204,Excavator,Medium Excavator (20t class),1660.8,1.31,83.1,59.9,0.47,17.27,90.9,69.9,OP1067,Experienced,7.9,Afternoon,84.1,10.0,62.3,2,48.6,1.62,80.8,105,4.6,Standard,Swinging,0,2,3,68.2,0,Fastened,4.45,Structure,0,2.5,Warning,0,0,Cloudy,78.2,37.8,15.0,Dry,Trench_Edge,Zone C,Dawn_Dusk,TSK-003075,Trenching,3,169.1,169.1,70.6,0.435,58.6,56.5,15.7,34.3,MEDIUM,0,0.1572,Normal,34.5,No_Incident,10.79
R022164,2026-04-10 19:06,EFFICIENT_OPERATION,WHL-307,Wheel Loader,Large Wheel Loader,4285.7,3.11,82.4,64.1,6.68,19.52,82.2,63.1,OP1100,Experienced,5.4,Afternoon,64.4,23.0,77.7,1,59.4,5.72,81.1,113,11.3,Eco,Reverse,1,0,7,83.2,2,Fastened,14.53,Vehicle,0,8.2,Clear,0,0,Clear,95.3,38.8,23.6,Dry,Stockpile,Zone D,Daylight,TSK-022164,Material_Transfer,1,644.6,644.6,145.6,0.397,124.2,106.4,34.3,10.0,LOW,0,0.0411,Normal,58.0,No_Incident,18.81
R031787,2026-04-11 09:53,STEEP_TERRAIN,EXC-219,Excavator,Large Excavator (30t class),2724.3,2.21,82.5,65.4,1.43,18.51,90.5,79.7,OP1003,Novice,0.6,Morning,62.4,21.7,50.0,1,22.2,2.13,65.6,169,21.1,Standard,Reverse,2,5,5,56.6,4,Unfastened,7.57,Utility_Marker,0,21.6,Clear,1,1,Hot,89.6,39.3,39.9,Loose,Embankment,Zone E,Daylight,TSK-031787,Backfilling,2,358.3,358.3,78.8,0.732,60.9,112.0,34.4,69.9,HIGH,0,0.3129,Normal,30.7,Stability_Loss,10.42
R025897,2026-04-11 16:55,EXCESSIVE_IDLE,WHL-302,Wheel Loader,Medium Wheel Loader,10342.4,7.01,85.2,65.2,7.9,15.5,71.9,66.3,OP1033,Intermediate,4.1,Afternoon,76.3,13.6,74.4,3,47.1,3.21,68.6,278,47.6,Power,Reverse,5,9,23,61.7,4,Fastened,6.58,Worker,0,2.7,Clear,0,0,Cloudy,91.3,38.6,30.9,Dry,Flat,Zone D,Daylight,TSK-025897,Material_Transfer,3,891.2,891.2,259.6,0.916,230.8,253.6,65.1,28.8,LOW,1,0.8594,Excessive_Idle,19.3,No_Incident,13.69
R005773,2026-04-11 18:52,UNSAFE_OPERATION,EXC-223,Excavator,Large Excavator (30t class),8969.3,7.11,82.8,66.0,4.61,20.03,80.2,65.6,OP1020,Novice,0.5,Afternoon,69.3,32.5,67.8,0,41.7,1.75,53.6,117,14.8,Power,Reverse,2,5,16,47.4,2,Fastened,2.71,Material_Pile,0,7.9,Violated,0,0,Hot,89.9,43.9,32.9,Dry,Gentle_Slope,Zone E,Daylight,TSK-005773,Backfilling,3,203.6,203.6,53.2,0.101,34.6,63.7,20.7,42.6,MEDIUM,1,0.9875,Unusual_Speed,57.3,No_Incident,9.83
R009159,2026-04-12 06:58,NORMAL_OPERATION,WHL-310,Wheel Loader,Medium Wheel Loader,4763.6,3.32,83.7,62.9,0.97,11.89,78.4,68.0,OP1047,Experienced,5.9,Morning,86.7,14.6,88.5,0,82.6,3.28,74.3,166,12.8,Standard,Stationary,0,0,12,86.1,3,Fastened,8.92,Vehicle,0,0.0,Clear,0,0,Cloudy,81.3,33.6,34.6,Dry,Flat,Zone D,Daylight,TSK-009159,Stockpiling,3,542.4,542.4,118.5,0.619,122.2,110.7,22.8,7.4,LOW,0,0.2236,Normal,39.9,No_Incident,23.74
R037900,2026-04-12 08:10,NORMAL_OPERATION,EXC-208,Excavator,Large Excavator (30t class),5366.4,3.92,80.9,56.2,2.85,14.54,81.0,56.3,OP1110,Experienced,5.6,Morning,67.3,36.6,67.9,2,62.7,1.98,64.8,76,14.5,Eco,Reverse,0,0,9,83.4,2,Fastened,11.22,Vehicle,0,2.8,Clear,0,0,Clear,100.0,35.6,19.1,Dry,Trench_Edge,Zone C,Daylight,TSK-037900,Trenching,3,148.5,148.5,59.9,0.701,38.6,60.0,14.7,6.9,LOW,0,0.0784,Normal,19.1,No_Incident,10.11
R022810,2026-04-13 07:44,NORMAL_OPERATION,EXC-215,Excavator,Medium Excavator (20t class),11062.0,8.72,88.7,67.3,2.91,15.36,68.0,75.0,OP1021,Intermediate,2.0,Morning,80.2,9.9,73.8,0,65.0,1.49,73.7,231,10.3,Standard,Reverse,1,2,7,86.3,1,Fastened,12.53,Utility_Marker,0,5.6,Clear,0,0,Clear,88.9,38.6,21.5,Dry,Trench_Edge,Zone C,Daylight,TSK-022810,Trenching,3,343.7,343.7,129.1,0.587,119.2,133.9,33.7,15.1,LOW,0,0.0596,Normal,53.1,No_Incident,10.19
R012515,2026-04-13 07:47,STEEP_TERRAIN,EXC-219,Excavator,Large Excavator (30t class),2743.6,2.22,86.0,67.2,1.45,22.58,91.0,78.7,OP1046,Novice,1.9,Morning,71.3,15.7,64.1,2,46.4,2.15,67.6,229,12.5,Standard,Forward,1,3,21,71.8,1,Unfastened,12.95,No_Object,0,23.8,Clear,0,0,Hot,83.9,36.1,33.6,Dry,Embankment,Zone A,Daylight,TSK-012515,Backfilling,3,491.6,491.6,101.3,0.075,83.6,121.0,45.1,57.0,HIGH,0,0.0493,Normal,111.4,No_Incident,10.91
R021487,2026-04-13 10:52,HIGH_LOAD_OPERATION,EXC-201,Excavator,Large Excavator (30t class),8227.8,5.62,86.4,64.6,0.47,16.42,76.9,75.2,OP1065,Experienced,5.1,Morning,65.3,25.7,66.1,3,50.7,3.38,106.9,150,29.9,Standard,Swinging,4,2,19,63.6,0,Fastened,17.91,No_Object,0,0.0,Clear,0,0,Dust_Wind,44.8,36.1,67.0,Dry,Flat,Zone C,Daylight,TSK-021487,Excavation,2,507.2,507.2,145.9,0.687,101.4,123.0,35.3,20.4,LOW,0,0.1511,Normal,35.3,No_Incident,14.38
R002800,2026-04-13 11:05,STEEP_TERRAIN,WHL-302,Wheel Loader,Medium Wheel Loader,10346.4,7.02,78.6,58.4,5.25,10.57,76.1,59.0,OP1066,Experienced,8.0,Morning,78.3,10.7,63.1,3,52.3,2.94,65.9,176,25.6,Eco,Forward,3,5,22,77.3,1,Fastened,9.14,Material_Pile,0,14.5,Clear,0,0,Clear,96.0,32.0,16.9,Dry,Embankment,Zone A,Daylight,TSK-002800,Material_Transfer,4,515.7,515.7,141.9,0.09,133.5,226.9,38.5,24.1,LOW,0,0.1017,Normal,197.7,No_Incident,13.39
R008635,2026-04-13 23:10,NORMAL_OPERATION,EXC-212,Excavator,Large Excavator (30t class),1186.8,0.72,82.7,59.2,2.59,16.78,85.1,64.7,OP1061,Experienced,8.4,Night,84.6,17.0,87.5,3,68.2,2.15,70.0,100,11.3,Standard,Reverse,2,3,3,83.1,1,Fastened,20.0,No_Object,0,0.0,Clear,0,0,Cloudy,68.8,32.7,19.5,Dry,Flat,Zone A,Night_Floodlit,TSK-008635,Trenching,4,212.8,212.8,57.4,0.517,55.3,73.3,21.3,10.5,LOW,0,0.0605,Normal,35.1,No_Incident,10.0
R034033,2026-04-14 09:29,MULTIPLE_SIMULTANEOUS_RISKS,EXC-203,Excavator,Large Excavator (30t class),13302.5,8.72,90.1,70.6,0.26,22.23,56.1,88.5,OP1058,Experienced,7.2,Morning,86.4,23.8,89.2,1,82.6,3.07,102.6,113,16.0,Power,Swinging,1,1,6,76.8,4,Fastened,20.0,No_Object,0,7.3,Clear,0,0,Fog,41.4,35.6,43.4,Dry,Gentle_Slope,Zone E,Dawn_Dusk,TSK-034033,Excavation,3,344.0,344.0,78.6,0.36,68.8,98.2,35.5,41.1,MEDIUM,0,0.2401,Normal,62.2,No_Incident,9.69
R028334,2026-04-14 14:09,HIGH_LOAD_OPERATION,WHL-302,Wheel Loader,Medium Wheel Loader,10394.1,7.02,84.8,69.0,7.83,17.18,73.9,77.5,OP1033,Intermediate,4.1,Afternoon,76.3,13.6,73.3,3,47.1,4.63,101.4,227,30.1,Power,Reverse,9,8,12,54.4,2,Fastened,9.22,Vehicle,0,0.0,Clear,0,0,Cloudy,85.8,38.8,44.3,Dry,Haul_Road,Zone F,Daylight,TSK-028334,Stockpiling,4,1047.3,1047.3,263.9,0.801,235.8,240.7,71.1,49.0,MEDIUM,0,0.2055,Normal,48.0,No_Incident,14.73
R036357,2026-04-14 14:28,NORMAL_OPERATION,WHL-309,Wheel Loader,Medium Wheel Loader,13244.8,10.42,79.5,57.2,7.21,9.41,67.8,45.1,OP1014,Experienced,5.2,Afternoon,73.9,28.4,78.8,1,66.1,2.71,61.5,281,58.8,Eco,Reverse,4,6,7,77.5,3,Unfastened,17.58,Vehicle,0,1.0,Clear,0,0,Clear,84.5,34.5,21.5,Dry,Flat,Zone D,Daylight,TSK-036357,Stockpiling,2,760.5,760.5,204.8,0.454,171.2,236.6,37.2,39.3,MEDIUM,0,0.2583,Normal,117.9,No_Incident,20.45
R022565,2026-04-15 09:01,LOW_VISIBILITY,EXC-208,Excavator,Large Excavator (30t class),5369.4,3.92,83.1,58.1,0.01,12.96,82.6,50.4,OP1110,Experienced,5.6,Morning,67.3,36.6,68.8,2,62.7,1.96,60.4,113,27.8,Eco,Stationary,0,1,4,81.7,2,Fastened,7.34,Material_Pile,0,3.5,Clear,0,0,Dust_Wind,39.1,37.1,77.1,Dry,Flat,Zone C,Dawn_Dusk,TSK-022565,Backfilling,4,221.0,221.0,58.6,0.69,37.6,88.2,19.2,7.5,LOW,0,0.0801,Normal,24.5,No_Incident,11.5
R003240,2026-04-15 09:48,MULTIPLE_SIMULTANEOUS_RISKS,WHL-304,Wheel Loader,Medium Wheel Loader,5300.0,4.12,83.2,66.8,5.49,13.89,84.0,71.9,OP1086,Expert,12.2,Morning,87.7,22.8,88.6,5,80.7,4.01,92.3,177,42.1,Power,Forward,5,3,33,79.3,4,Fastened,15.17,No_Object,0,0.0,Clear,0,0,Dust_Wind,13.0,39.0,62.9,Dry,Flat,Zone D,Daylight,TSK-003240,Material_Transfer,3,710.2,710.2,192.3,0.074,183.9,195.9,46.0,32.4,MEDIUM,0,0.1112,Normal,178.8,No_Incident,15.45
R030986,2026-04-15 16:03,EFFICIENT_OPERATION,WHL-312,Wheel Loader,Medium Wheel Loader,6033.4,3.82,83.2,62.6,0.89,7.99,87.4,46.3,OP1052,Experienced,6.0,Afternoon,75.1,14.1,75.9,2,59.2,3.09,69.8,355,26.9,Eco,Stationary,1,3,13,83.8,2,Fastened,13.31,Structure,0,1.4,Clear,0,0,Clear,86.6,43.6,41.9,Dry,Flat,Zone B,Dawn_Dusk,TSK-030986,Loading,2,1095.7,1095.7,259.2,0.414,234.4,256.5,35.0,8.2,LOW,0,0.17,Normal,139.1,No_Incident,31.33
R017631,2026-04-16 08:25,NORMAL_OPERATION,WHL-302,Wheel Loader,Medium Wheel Loader,10388.0,7.03,85.2,67.8,0.65,15.16,75.9,77.4,OP1066,Experienced,8.0,Morning,78.3,10.7,63.2,3,52.3,3.6,78.4,204,12.7,Power,Stationary,0,1,10,83.0,3,Fastened,6.37,Structure,0,3.1,Clear,0,0,Hot,81.4,37.1,41.1,Dry,Flat,Zone B,Daylight,TSK-017631,Loading,1,731.9,731.9,157.2,0.102,156.6,129.1,32.7,18.0,LOW,0,0.0558,Normal,118.4,No_Incident,22.4
R000325,2026-04-17 07:00,NORMAL_OPERATION,EXC-204,Excavator,Medium Excavator (20t class),1715.1,1.33,83.5,64.3,0.73,12.47,89.8,69.4,OP1007,Intermediate,4.1,Morning,74.6,22.3,79.7,3,68.2,1.77,87.8,371,21.0,Standard,Swinging,2,2,7,77.9,0,Fastened,9.14,Vehicle,1,1.6,Clear,0,0,Clear,100.0,41.1,45.9,Dry,Haul_Road,Zone B,Daylight,TSK-000325,Loading,2,656.9,656.9,182.3,0.838,166.4,112.4,24.4,21.8,LOW,0,0.3645,Normal,17.9,No_Incident,26.96
R014651,2026-04-18 02:00,NORMAL_OPERATION,WHL-301,Wheel Loader,Large Wheel Loader,11958.9,7.93,85.5,67.6,5.73,17.15,59.0,60.9,OP1050,Expert,12.2,Night,89.7,8.5,80.2,11,75.3,5.41,78.9,150,7.6,Eco,Forward,4,1,14,76.4,0,Fastened,5.89,Vehicle,0,8.1,Warning,0,0,Clear,69.4,34.1,38.7,Dry,Stockpile,Zone D,Night_Floodlit,TSK-014651,Loading,2,809.6,809.6,126.9,0.529,128.9,114.5,34.4,46.9,MEDIUM,0,0.0375,Normal,54.0,No_Incident,23.54
R017588,2026-04-18 06:00,EXCESSIVE_IDLE,EXC-219,Excavator,Large Excavator (30t class),2751.2,2.23,80.3,62.7,0.32,16.22,94.7,70.0,OP1046,Novice,1.9,Morning,71.3,15.7,65.2,2,46.4,2.56,74.4,104,31.1,Standard,Swinging,2,0,8,59.8,2,Fastened,13.7,No_Object,0,1.2,Clear,0,0,Clear,96.5,35.0,18.3,Dry,Flat,Zone A,Daylight,TSK-017588,Excavation,4,266.1,266.1,72.8,0.249,53.2,89.0,24.4,6.3,LOW,1,0.9989,Excessive_Idle,63.6,No_Incident,10.9
R014597,2026-04-18 15:56,EFFICIENT_OPERATION,WHL-307,Wheel Loader,Large Wheel Loader,4322.8,3.13,83.9,62.9,0.84,15.84,81.6,55.2,OP1012,Intermediate,4.1,Afternoon,74.1,17.3,68.5,1,52.0,4.72,69.5,115,18.5,Standard,Stationary,0,0,11,71.4,2,Fastened,9.26,Worker,0,3.2,Clear,0,0,Hot,90.9,44.5,12.6,Dry,Flat,Zone D,Daylight,TSK-014597,Material_Transfer,4,541.9,541.9,122.7,0.521,104.5,135.6,35.9,7.2,LOW,0,0.1432,Normal,60.7,No_Incident,15.08
R009330,2026-04-19 07:11,STEEP_TERRAIN,WHL-316,Wheel Loader,Large Wheel Loader,13773.9,9.63,84.4,65.8,4.42,15.71,61.7,64.9,OP1113,Intermediate,4.5,Morning,76.9,21.0,69.1,0,51.1,5.05,74.7,248,45.5,Standard,Forward,9,0,44,80.2,3,Fastened,18.07,No_Object,0,13.9,Clear,0,0,Clear,94.9,35.0,22.8,Loose,Embankment,Zone E,Daylight,TSK-009330,Material_Transfer,3,1247.8,1247.8,254.0,0.601,240.5,361.0,100.8,41.2,MEDIUM,0,0.0436,Normal,151.3,No_Incident,12.38
R030269,2026-04-19 10:53,NORMAL_OPERATION,EXC-204,Excavator,Medium Excavator (20t class),1737.2,1.33,82.0,60.0,2.64,12.66,90.0,69.7,OP1085,Intermediate,2.0,Morning,63.6,30.1,66.7,2,34.8,1.74,86.9,247,44.8,Standard,Reverse,0,0,9,68.1,1,Fastened,14.3,Structure,0,0.6,Clear,0,0,Clear,93.7,31.9,20.9,Dry,Flat,Zone C,Daylight,TSK-030269,Trenching,5,429.0,429.0,210.2,0.596,148.7,192.1,40.0,11.6,LOW,0,0.1168,Normal,83.9,No_Incident,10.74
R039972,2026-04-20 03:03,HIGH_LOAD_OPERATION,EXC-213,Excavator,Large Excavator (30t class),12964.4,9.63,88.7,70.5,0.86,23.32,63.3,77.0,OP1060,Expert,14.1,Night,82.7,23.0,82.2,2,67.7,2.97,94.0,448,48.4,Power,Swinging,3,1,18,84.9,0,Fastened,4.87,Worker,0,1.0,Warning,0,0,Hot,68.5,37.9,29.7,Dry,Flat,Zone B,Night_Floodlit,TSK-039972,Loading,5,1330.3,1330.3,262.0,0.855,252.8,314.6,118.4,13.0,LOW,0,0.0484,Normal,45.3,No_Incident,11.23
R012797,2026-04-20 03:16,POOR_WEATHER,WHL-316,Wheel Loader,Large Wheel Loader,13825.8,9.63,80.3,62.1,6.75,16.64,66.8,55.0,OP1093,Intermediate,3.4,Night,77.1,10.9,67.5,1,46.6,4.52,62.0,156,14.3,Standard,Reverse,4,3,17,75.4,3,Fastened,5.4,Worker,1,0.1,Warning,0,0,Light_Rain,57.8,28.7,10.1,Wet,Flat,Zone D,Night_Floodlit,TSK-012797,Loading,2,704.4,704.4,122.1,0.596,112.2,178.1,50.4,80.4,CRITICAL,0,0.0321,Normal,66.9,No_Incident,13.97
R021344,2026-04-20 08:46,NORMAL_OPERATION,EXC-221,Excavator,Large Excavator (30t class),13136.2,8.34,85.0,60.6,2.75,21.9,69.9,69.7,OP1102,Intermediate,2.8,Morning,55.9,19.6,58.5,0,32.5,2.39,75.9,196,23.2,Standard,Forward,3,2,11,66.9,2,Fastened,11.21,No_Object,0,5.9,Clear,0,0,Light_Rain,68.1,33.7,12.9,Dry,Gentle_Slope,Zone C,Daylight,TSK-021344,Excavation,4,468.2,468.2,111.2,0.565,93.6,135.1,50.2,29.3,LOW,0,0.1028,Normal,58.3,No_Incident,9.33
R011956,2026-04-20 16:29,NORMAL_OPERATION,EXC-213,Excavator,Large Excavator (30t class),12916.6,9.64,83.3,66.0,0.26,18.83,59.4,57.1,OP1059,Expert,10.4,Afternoon,84.7,19.6,84.3,5,71.9,2.67,85.4,156,12.0,Standard,Stationary,1,1,3,77.3,1,Fastened,8.11,Structure,0,2.6,Clear,0,0,Clear,91.3,41.3,22.2,Dry,Flat,Zone A,Daylight,TSK-011956,Backfilling,2,416.0,416.0,93.4,0.813,70.7,68.0,21.7,16.5,LOW,0,0.0627,Normal,14.1,No_Incident,19.15
R003045,2026-04-20 17:56,HIGH_LOAD_OPERATION,EXC-210,Excavator,Medium Excavator (20t class),3190.9,2.24,88.1,66.7,2.43,16.8,83.8,79.8,OP1034,Experienced,5.7,Afternoon,83.1,14.6,74.1,0,60.2,2.05,106.3,431,21.9,Standard,Reverse,1,1,22,72.9,3,Fastened,14.0,No_Object,0,1.2,Clear,0,0,Cloudy,85.6,38.5,26.5,Dry,Flat,Zone B,Daylight,TSK-003045,Loading,2,882.6,882.6,226.2,0.557,223.6,181.8,50.3,9.6,LOW,0,0.1212,Normal,73.4,No_Incident,17.56
R032739,2026-04-22 16:37,NORMAL_OPERATION,EXC-209,Excavator,Medium Excavator (20t class),10204.9,8.44,83.5,68.6,2.24,10.97,78.8,71.2,OP1097,Experienced,7.0,Afternoon,82.4,37.3,79.8,2,80.2,1.85,90.0,121,39.1,Standard,Forward,1,1,6,93.2,0,Fastened,7.39,Vehicle,1,4.1,Clear,0,0,Light_Rain,84.6,37.4,0.0,Wet,Trench_Edge,Zone C,Daylight,TSK-032739,Trenching,4,224.2,224.2,94.6,0.121,77.7,102.7,19.4,28.6,LOW,0,0.2204,Normal,89.0,No_Incident,11.58
R020666,2026-04-23 16:42,HIGH_FUEL_CONSUMPTION,WHL-306,Wheel Loader,Large Wheel Loader,8896.3,5.65,85.2,59.3,6.4,21.98,68.6,61.0,OP1013,Experienced,5.5,Afternoon,72.1,17.2,68.5,2,46.1,5.51,81.6,92,9.9,Standard,Reverse,2,1,5,72.3,1,Fastened,8.09,Material_Pile,0,1.4,Clear,0,0,Clear,83.1,36.0,25.6,Dry,Flat,Zone D,Dawn_Dusk,TSK-020666,Stockpiling,1,505.8,505.8,100.8,0.949,84.8,90.5,34.2,25.7,LOW,1,0.9991,Abnormal_Fuel,4.2,No_Incident,14.77
R017388,2026-04-23 19:14,NORMAL_OPERATION,WHL-304,Wheel Loader,Medium Wheel Loader,5340.5,4.15,83.9,61.1,4.53,10.23,83.9,61.8,OP1101,Experienced,5.7,Afternoon,75.1,37.5,73.4,1,67.7,3.42,73.7,344,112.5,Standard,Forward,4,1,13,87.0,3,Fastened,10.72,Vehicle,0,5.5,Clear,0,0,Clear,89.0,39.8,20.9,Dry,Gentle_Slope,Zone F,Daylight,TSK-017388,Material_Transfer,3,1173.8,1173.8,338.5,0.824,304.0,382.7,65.0,15.8,LOW,0,0.0737,Normal,67.6,No_Incident,18.05
R024192,2026-04-24 06:46,EXCESSIVE_IDLE,EXC-205,Excavator,Medium Excavator (20t class),11607.4,10.25,83.6,68.1,2.27,14.25,75.6,78.3,OP1036,Experienced,5.4,Morning,72.4,18.2,76.9,3,69.4,1.47,74.0,296,39.0,Standard,Forward,4,4,16,76.0,1,Fastened,8.88,Vehicle,0,10.8,Clear,0,0,Clear,85.1,33.9,33.5,Dry,Embankment,Zone E,Dawn_Dusk,TSK-024192,Excavation,4,434.0,434.0,105.5,0.478,115.7,173.0,39.5,21.8,LOW,1,0.5305,Excessive_Idle,86.3,No_Incident,10.98
R018299,2026-04-24 09:54,NORMAL_OPERATION,WHL-307,Wheel Loader,Large Wheel Loader,4348.0,3.15,79.6,62.6,6.75,18.09,81.7,57.0,OP1024,Novice,0.9,Morning,74.7,8.4,68.1,0,47.7,4.51,66.1,109,9.3,Eco,Forward,2,1,19,63.4,3,Fastened,9.7,Material_Pile,0,4.1,Clear,0,0,Clear,86.4,36.0,52.1,Dry,Haul_Road,Zone F,Daylight,TSK-018299,Material_Transfer,3,488.5,488.5,114.4,0.476,94.2,124.7,37.5,26.1,LOW,0,0.0406,Normal,58.9,No_Incident,13.04
R028524,2026-04-25 08:26,PROXIMITY_HAZARD,EXC-204,Excavator,Medium Excavator (20t class),1783.4,1.35,82.5,62.0,2.31,13.54,92.4,60.7,OP1087,Intermediate,2.5,Morning,76.3,24.8,65.9,0,54.1,1.26,66.5,241,35.8,Standard,Forward,5,4,5,71.9,8,Fastened,1.23,Worker,1,6.1,Violated,0,1,Clear,94.7,37.2,28.0,Loose,Trench_Edge,Zone C,Daylight,TSK-028524,Trenching,5,302.6,302.6,125.5,0.343,104.9,195.2,46.1,79.2,CRITICAL,1,0.5355,Repeated_Proximity_Violations,121.0,Proximity_Near_Miss,6.56
R023814,2026-04-25 14:37,EXCESSIVE_IDLE,EXC-219,Excavator,Large Excavator (30t class),2852.1,2.25,81.1,58.1,0.21,15.05,92.4,52.7,OP1001,Experienced,6.2,Afternoon,75.2,11.9,64.1,2,44.5,2.29,71.7,302,37.3,Eco,Swinging,7,5,16,71.9,6,Fastened,14.98,No_Object,0,3.7,Clear,0,0,Clear,100.0,40.7,21.7,Dry,Gentle_Slope,Zone C,Daylight,TSK-023814,Backfilling,5,691.7,691.7,118.3,0.84,117.6,193.5,51.1,9.8,LOW,1,0.9896,Excessive_Idle,29.3,No_Incident,13.55
R037914,2026-04-25 17:11,POOR_WEATHER,EXC-211,Excavator,Medium Excavator (20t class),3707.7,2.95,84.7,64.8,0.14,15.46,78.3,66.4,OP1025,Expert,17.0,Afternoon,89.0,15.0,86.0,2,72.4,1.45,68.8,276,22.0,Standard,Swinging,4,3,13,84.5,0,Fastened,18.86,No_Object,0,0.5,Clear,0,0,Heavy_Rain,33.1,36.1,4.0,Wet,Flat,Zone A,Dawn_Dusk,TSK-037914,Trenching,3,399.2,399.2,157.9,0.471,138.4,189.0,47.6,18.5,LOW,0,0.0377,Normal,94.6,No_Incident,8.38
R022345,2026-04-26 06:20,POOR_WEATHER,EXC-219,Excavator,Large Excavator (30t class),2802.7,2.25,77.8,55.9,0.03,17.13,94.0,53.1,OP1046,Novice,1.9,Morning,71.3,15.7,65.4,2,46.4,2.4,73.7,156,11.2,Standard,Stationary,1,3,22,59.6,0,Fastened,11.04,Structure,0,2.0,Clear,0,0,Heavy_Rain,33.4,32.4,4.1,Muddy,Flat,Zone A,Daylight,TSK-022345,Backfilling,3,372.7,372.7,76.2,0.189,63.4,107.5,31.0,14.0,LOW,0,0.106,Normal,88.2,No_Incident,12.01
R038977,2026-04-27 00:47,UNSAFE_OPERATION,EXC-214,Excavator,Large Excavator (30t class),10830.6,8.25,83.6,64.6,3.2,19.54,65.4,72.1,OP1090,Experienced,8.5,Night,85.2,25.5,84.0,4,80.5,2.33,76.3,436,53.7,Standard,Reverse,8,5,62,64.1,2,Fastened,3.92,Worker,0,3.9,Warning,0,0,Cloudy,46.5,28.2,27.5,Dry,Flat,Zone D,Night_Poor,TSK-038977,Loading,3,1013.2,1013.2,201.7,0.697,192.5,233.6,74.7,60.5,HIGH,1,0.9264,Erratic_Control,65.8,No_Incident,13.57
R022771,2026-04-27 01:08,HIGH_FUEL_CONSUMPTION,EXC-219,Excavator,Large Excavator (30t class),2844.9,2.25,78.5,57.7,0.05,28.2,90.0,64.9,OP1046,Novice,1.9,Night,71.3,15.7,65.6,2,46.4,2.41,77.5,368,22.1,Power,Stationary,2,4,9,63.3,3,Fastened,11.25,Worker,0,0.9,Clear,0,0,Clear,77.1,31.6,26.0,Dry,Flat,Zone B,Night_Floodlit,TSK-022771,Loading,2,888.1,888.1,184.5,0.548,168.7,164.3,78.8,10.1,LOW,1,0.9987,Abnormal_Fuel,81.8,No_Incident,11.28
R032629,2026-04-27 09:02,PROXIMITY_HAZARD,EXC-218,Excavator,Medium Excavator (20t class),8424.9,7.16,82.6,63.0,3.02,14.3,72.8,58.6,OP1096,Intermediate,2.5,Morning,76.6,12.8,63.5,3,49.0,1.13,56.9,278,18.1,Standard,Reverse,1,3,14,75.8,2,Fastened,2.49,Worker,1,2.8,Violated,0,0,Dust_Wind,43.7,35.7,66.4,Dry,Flat,Zone C,Daylight,TSK-032629,Trenching,3,311.8,311.8,110.5,0.248,108.1,183.3,45.3,72.2,HIGH,0,0.1149,Normal,141.0,No_Incident,6.88
R030040,2026-04-28 08:06,HIGH_LOAD_OPERATION,EXC-219,Excavator,Large Excavator (30t class),2925.3,2.26,83.3,67.9,0.41,21.35,93.9,78.1,OP1046,Novice,1.9,Morning,71.3,15.7,63.7,2,46.4,3.09,98.7,157,20.9,Standard,Swinging,3,3,15,64.3,2,Fastened,3.55,Material_Pile,0,8.3,Warning,0,0,Clear,98.3,34.6,32.3,Dry,Trench_Edge,Zone C,Daylight,TSK-030040,Trenching,5,482.9,482.9,159.2,0.459,125.6,164.9,57.1,25.0,LOW,0,0.0231,Normal,93.1,No_Incident,8.46
R024744,2026-04-28 09:10,EFFICIENT_OPERATION,EXC-219,Excavator,Large Excavator (30t class),2832.6,2.26,79.3,57.1,0.51,15.22,90.1,52.2,OP1103,Experienced,5.6,Morning,84.8,20.9,79.0,0,64.0,2.1,67.9,336,10.3,Eco,Swinging,1,0,11,93.7,1,Fastened,10.3,Worker,0,2.6,Clear,0,0,Hot,80.7,37.2,17.5,Dry,Flat,Zone B,Daylight,TSK-024744,Loading,1,703.9,703.9,152.7,0.322,133.7,121.3,31.1,4.0,LOW,0,0.0663,Normal,87.0,No_Incident,22.62
R026943,2026-04-28 18:26,EXCESSIVE_IDLE,EXC-212,Excavator,Large Excavator (30t class),1322.0,0.76,83.2,64.6,0.88,13.58,86.3,62.6,OP1041,Intermediate,2.6,Afternoon,74.5,19.2,62.6,2,41.5,2.58,74.7,315,93.9,Standard,Swinging,6,1,21,79.0,2,Fastened,11.55,Structure,0,1.4,Clear,0,0,Clear,98.5,39.1,27.1,Dry,Flat,Zone B,Daylight,TSK-026943,Loading,4,810.9,810.9,175.0,0.764,154.1,245.0,55.2,17.0,LOW,1,0.9984,Excessive_Idle,62.2,No_Incident,14.69
R009639,2026-04-29 08:28,NORMAL_OPERATION,WHL-307,Wheel Loader,Large Wheel Loader,4411.3,3.16,80.7,61.5,4.36,16.26,86.2,59.0,OP1108,Novice,0.4,Morning,57.4,20.3,62.7,2,14.2,5.23,72.9,162,37.5,Standard,Forward,2,0,20,56.5,3,Fastened,15.01,Structure,0,4.5,Clear,0,0,Clear,96.9,35.0,41.1,Loose,Stockpile,Zone D,Daylight,TSK-009639,Stockpiling,3,846.5,846.5,184.5,0.562,141.9,226.2,63.0,17.8,LOW,0,0.1558,Normal,96.9,No_Incident,13.45
R006264,2026-04-29 09:31,HIGH_LOAD_OPERATION,EXC-224,Excavator,Large Excavator (30t class),15196.5,9.46,86.0,69.3,2.51,22.88,54.0,82.1,OP1026,Novice,1.9,Morning,68.4,13.6,68.0,2,39.0,3.24,101.4,189,12.5,Standard,Forward,2,2,11,70.8,1,Fastened,7.12,Worker,0,0.3,Clear,0,0,Clear,83.3,37.8,36.6,Dry,Flat,Zone C,Daylight,TSK-006264,Excavation,4,610.3,610.3,152.4,0.58,122.1,125.6,48.0,29.2,LOW,0,0.0888,Normal,53.9,No_Incident,12.72
R000414,2026-04-29 18:47,MACHINE_OVERHEATING,WHL-304,Wheel Loader,Medium Wheel Loader,5422.0,4.16,108.6,83.5,0.57,10.21,57.7,59.3,OP1078,Expert,12.2,Afternoon,65.9,22.0,60.9,4,61.1,3.68,79.2,271,42.0,Eco,Stationary,5,2,13,81.5,4,Fastened,5.06,Structure,0,1.1,Warning,0,0,Light_Rain,67.3,39.5,0.0,Wet,Flat,Zone D,Daylight,TSK-000414,Loading,2,995.8,995.8,207.7,0.194,213.0,237.2,40.1,30.6,MEDIUM,0,0.041,Normal,181.9,No_Incident,24.84
R033888,2026-05-01 10:05,NORMAL_OPERATION,EXC-201,Excavator,Large Excavator (30t class),8297.8,5.67,78.8,58.2,3.22,12.92,79.8,56.5,OP1076,Experienced,6.5,Morning,75.4,15.7,88.1,2,52.3,2.32,72.7,213,24.5,Standard,Forward,2,0,7,89.3,2,Fastened,4.66,Vehicle,0,0.0,Warning,0,0,Clear,80.9,30.2,20.7,Dry,Flat,Zone B,Dawn_Dusk,TSK-033888,Loading,3,695.9,491.8,142.4,0.433,132.2,170.3,37.5,11.6,LOW,0,0.093,Normal,100.6,No_Incident,13.1
R010124,2026-05-02 08:12,NORMAL_OPERATION,EXC-208,Excavator,Large Excavator (30t class),5577.3,3.97,83.2,69.2,2.51,12.57,78.0,65.5,OP1010,Experienced,7.0,Morning,71.3,28.9,81.2,1,68.2,2.09,64.3,213,38.8,Eco,Reverse,2,1,10,78.4,1,Fastened,16.11,No_Object,0,12.7,Clear,0,0,Clear,99.2,36.0,19.3,Dry,Embankment,Zone E,Daylight,TSK-010124,Excavation,2,444.0,444.0,116.0,0.059,88.8,135.1,28.2,20.3,LOW,0,0.1356,Normal,127.1,No_Incident,15.73
R023803,2026-05-02 10:40,STEEP_TERRAIN,EXC-219,Excavator,Large Excavator (30t class),2892.5,2.27,85.7,66.9,1.26,22.84,89.3,79.9,OP1095,Novice,1.6,Morning,68.7,16.3,59.3,1,36.4,2.06,63.8,293,28.5,Standard,Forward,1,2,24,76.8,1,Fastened,14.04,No_Object,0,22.5,Clear,0,0,Clear,95.2,39.7,27.1,Dry,Embankment,Zone E,Daylight,TSK-023803,Excavation,3,602.8,602.8,139.0,0.528,120.6,215.3,82.1,26.5,LOW,0,0.0875,Normal,93.8,No_Incident,7.35
R033087,2026-05-02 19:02,NORMAL_OPERATION,WHL-306,Wheel Loader,Large Wheel Loader,9044.6,5.67,82.6,61.9,6.26,18.17,68.7,50.5,OP1013,Experienced,5.5,Afternoon,72.1,17.2,68.5,2,46.1,4.18,57.8,108,11.3,Standard,Reverse,2,2,8,78.2,1,Fastened,9.19,Material_Pile,0,0.4,Clear,0,0,Clear,86.0,42.0,12.7,Dry,Flat,Zone D,Dawn_Dusk,TSK-033087,Loading,2,449.4,449.4,82.0,0.256,71.6,99.1,29.4,20.8,LOW,0,0.0314,Normal,73.4,No_Incident,15.27
R014993,2026-05-03 00:10,NORMAL_OPERATION,EXC-217,Excavator,Medium Excavator (20t class),7877.4,5.97,81.4,64.2,0.36,13.91,66.4,67.1,OP1116,Intermediate,2.3,Night,81.6,12.7,68.9,0,51.2,1.56,76.8,350,21.6,Standard,Swinging,4,2,15,76.3,2,Fastened,7.98,Worker,0,4.7,Clear,0,0,Clear,77.8,31.7,46.2,Dry,Haul_Road,Zone B,Night_Floodlit,TSK-014993,Loading,5,543.4,543.4,144.9,0.84,137.7,195.5,44.6,20.6,LOW,0,0.0977,Normal,32.5,No_Incident,12.19
R039406,2026-05-03 10:15,NORMAL_OPERATION,EXC-217,Excavator,Medium Excavator (20t class),7963.1,5.97,80.6,62.6,0.1,8.57,62.7,57.7,OP1028,Intermediate,3.7,Morning,72.6,29.3,67.0,1,57.4,1.25,62.4,456,43.3,Standard,Swinging,3,1,7,83.2,3,Fastened,18.69,No_Object,0,6.2,Clear,0,0,Cloudy,86.6,30.9,26.9,Dry,Gentle_Slope,Zone A,Daylight,TSK-039406,Backfilling,1,698.9,570.3,192.5,0.564,158.4,200.4,29.0,4.5,LOW,0,0.0865,Normal,88.5,No_Incident,19.7
R014596,2026-05-03 16:09,HIGH_LOAD_OPERATION,WHL-312,Wheel Loader,Medium Wheel Loader,6094.5,3.87,85.4,66.5,6.05,13.79,81.5,72.1,OP1084,Experienced,6.3,Afternoon,88.8,14.5,90.3,2,70.6,4.9,108.2,229,25.2,Power,Forward,7,1,18,72.6,2,Fastened,9.76,Vehicle,0,2.4,Clear,0,0,Hot,86.2,42.9,68.3,Dry,Haul_Road,Zone B,Daylight,TSK-014596,Loading,4,1118.6,1118.6,219.0,0.685,239.3,198.7,46.7,21.2,LOW,0,0.1128,Normal,58.7,No_Incident,23.97
R013504,2026-05-03 17:35,NORMAL_OPERATION,EXC-204,Excavator,Medium Excavator (20t class),1813.1,1.37,82.7,63.1,0.33,9.79,90.5,62.5,OP1111,Expert,11.3,Afternoon,78.8,27.5,79.4,5,74.5,1.24,66.1,419,61.3,Eco,Swinging,1,5,26,88.8,0,Fastened,8.25,Vehicle,0,5.4,Clear,0,0,Cloudy,86.7,38.0,25.2,Dry,Gentle_Slope,Zone A,Daylight,TSK-013504,Excavation,4,518.0,518.0,163.0,0.155,138.1,228.7,36.5,2.7,LOW,0,0.0768,Normal,196.2,No_Incident,14.17
R005905,2026-05-05 06:34,EFFICIENT_OPERATION,EXC-211,Excavator,Medium Excavator (20t class),3730.3,2.98,85.5,66.7,0.59,12.56,80.9,70.4,OP1112,Intermediate,2.6,Morning,80.6,21.3,65.4,0,46.9,1.65,80.9,346,15.6,Eco,Swinging,2,1,12,85.3,3,Fastened,6.64,Material_Pile,0,5.4,Clear,0,0,Clear,91.0,37.9,31.0,Dry,Gentle_Slope,Zone A,Daylight,TSK-005905,Excavation,3,568.6,568.6,187.9,0.58,151.6,150.4,32.2,6.9,LOW,0,0.0648,Normal,66.6,No_Incident,17.64
R022721,2026-05-05 09:13,NORMAL_OPERATION,EXC-217,Excavator,Medium Excavator (20t class),7961.6,5.98,86.4,67.4,2.84,12.15,67.1,63.7,OP1028,Intermediate,3.7,Morning,72.6,29.3,67.9,1,57.4,1.76,88.0,511,62.8,Standard,Forward,7,5,24,88.9,4,Fastened,8.83,Material_Pile,0,1.4,Clear,0,0,Hot,77.2,38.3,42.7,Dry,Flat,Zone A,Daylight,TSK-022721,Excavation,4,896.7,896.7,332.6,0.613,239.1,303.3,60.9,12.1,LOW,0,0.1824,Normal,109.6,No_Incident,14.72
R038822,2026-05-06 02:13,UNSAFE_OPERATION,WHL-307,Wheel Loader,Large Wheel Loader,4454.2,3.18,83.9,60.3,9.69,14.8,80.5,65.4,OP1082,Experienced,5.9,Night,79.8,42.4,75.0,1,72.2,5.12,73.1,152,58.5,Standard,Reverse,1,0,52,58.4,2,Fastened,2.76,Worker,0,9.7,Violated,0,0,Hot,55.7,30.6,47.3,Dry,Haul_Road,Zone B,Night_Floodlit,TSK-038822,Loading,2,775.1,775.1,141.7,0.495,123.4,162.3,39.2,81.7,CRITICAL,1,0.9448,Unusual_Speed,77.6,No_Incident,19.76
R000075,2026-05-06 08:12,POOR_WEATHER,WHL-301,Wheel Loader,Large Wheel Loader,12105.8,7.98,82.8,62.4,7.75,18.1,58.9,56.9,OP1079,Experienced,8.5,Morning,78.8,17.5,70.1,5,67.1,5.27,74.2,149,35.6,Standard,Reverse,3,6,14,71.5,6,Fastened,13.02,Worker,1,0.1,Clear,1,0,Dust_Wind,47.3,35.8,53.0,Dry,Flat,Zone B,Daylight,TSK-000075,Material_Transfer,3,785.0,785.0,148.3,0.175,151.3,212.3,64.8,89.2,CRITICAL,0,0.0699,Normal,171.8,No_Incident,12.12
R005843,2026-05-06 15:10,HIGH_LOAD_OPERATION,EXC-214,Excavator,Large Excavator (30t class),10988.5,8.28,89.8,71.5,0.37,23.36,60.3,78.5,OP1041,Intermediate,2.6,Afternoon,74.5,19.2,63.1,2,41.5,2.96,94.4,205,17.1,Power,Swinging,0,2,14,77.3,1,Fastened,10.27,Material_Pile,0,7.1,Clear,0,0,Hot,79.6,41.3,43.4,Dry,Stockpile,Zone D,Daylight,TSK-005843,Loading,2,603.8,603.8,150.0,0.637,114.7,110.9,39.6,16.9,LOW,0,0.0645,Normal,41.5,No_Incident,15.24
R028880,2026-05-06 17:05,HIGH_LOAD_OPERATION,WHL-307,Wheel Loader,Large Wheel Loader,4468.8,3.18,86.9,69.2,6.26,21.09,81.5,68.8,OP1078,Expert,12.2,Afternoon,65.9,22.0,60.9,4,61.1,6.58,92.0,208,44.5,Standard,Forward,4,3,33,79.1,5,Fastened,5.69,Structure,0,9.2,Warning,0,0,Hot,90.8,45.0,51.8,Dry,Stockpile,Zone D,Daylight,TSK-028880,Material_Transfer,3,1367.8,1367.8,305.1,0.613,263.7,236.5,79.6,42.7,MEDIUM,0,0.0755,Normal,98.4,No_Incident,17.19
R028381,2026-05-06 19:15,NORMAL_OPERATION,EXC-210,Excavator,Medium Excavator (20t class),3385.7,2.28,86.4,67.7,0.0,14.13,79.7,73.7,OP1034,Experienced,5.7,Afternoon,83.1,14.6,73.8,0,60.2,1.19,60.8,598,43.6,Eco,Stationary,5,3,31,78.8,2,Fastened,13.22,No_Object,0,17.6,Clear,0,0,Cloudy,78.6,36.8,31.8,Dry,Embankment,Zone E,Daylight,TSK-028381,Excavation,3,710.0,710.0,187.4,0.374,189.3,310.1,75.3,14.3,LOW,0,0.0728,Normal,188.8,No_Incident,9.43
R007399,2026-05-07 00:01,EFFICIENT_OPERATION,EXC-208,Excavator,Large Excavator (30t class),5517.8,3.98,78.4,59.1,0.54,11.42,79.5,52.6,OP1073,Experienced,6.0,Night,68.6,26.7,76.0,2,49.4,2.52,77.7,332,25.2,Eco,Swinging,0,1,8,88.6,3,Fastened,7.51,Material_Pile,0,2.6,Clear,0,0,Clear,80.8,29.8,36.7,Dry,Haul_Road,Zone B,Night_Floodlit,TSK-007399,Loading,1,932.9,834.7,204.0,0.904,177.3,182.2,37.0,9.7,LOW,0,0.0891,Normal,15.1,No_Incident,22.58
R013652,2026-05-07 01:16,UNSAFE_OPERATION,WHL-316,Wheel Loader,Large Wheel Loader,13912.8,9.68,83.4,58.9,8.02,25.4,65.4,60.0,OP1119,Intermediate,2.0,Night,73.8,12.0,62.9,1,49.9,3.93,56.1,91,8.2,Power,Forward,0,0,17,53.4,1,Unfastened,5.37,Vehicle,0,3.9,Warning,0,0,Clear,71.0,30.7,19.9,Dry,Flat,Zone B,Night_Floodlit,TSK-013652,Loading,3,354.8,354.8,68.5,0.544,56.5,86.7,34.6,53.8,MEDIUM,1,0.9773,Erratic_Control,40.4,No_Incident,10.24
R000111,2026-05-07 06:54,HIGH_LOAD_OPERATION,EXC-223,Excavator,Large Excavator (30t class),9096.3,7.18,83.2,66.7,0.81,18.53,76.5,82.5,OP1109,Experienced,8.0,Morning,77.0,18.5,87.1,1,63.0,3.17,94.9,112,9.7,Standard,Swinging,3,3,11,81.9,2,Fastened,7.18,Vehicle,0,7.9,Clear,0,0,Cloudy,86.0,35.8,30.8,Dry,Trench_Edge,Zone C,Daylight,TSK-000111,Excavation,3,354.3,354.3,75.7,0.607,70.9,76.7,23.1,26.4,LOW,0,0.2765,Normal,33.2,No_Incident,15.36
R012975,2026-05-07 15:20,NORMAL_OPERATION,EXC-223,Excavator,Large Excavator (30t class),9110.7,7.18,83.7,65.1,2.72,16.2,79.6,61.9,OP1020,Novice,0.5,Afternoon,69.3,32.5,68.1,0,41.7,1.92,59.1,184,28.9,Standard,Forward,0,1,6,67.3,3,Unfastened,5.82,Worker,0,0.9,Warning,0,0,Hot,92.0,42.4,31.8,Dry,Flat,Zone A,Daylight,TSK-012975,Excavation,4,351.4,351.4,99.3,0.128,70.3,115.0,33.4,13.0,LOW,0,0.1206,Normal,98.4,No_Incident,10.52
R009633,2026-05-07 15:40,EFFICIENT_OPERATION,EXC-204,Excavator,Medium Excavator (20t class),1808.7,1.38,82.9,62.0,2.12,12.31,89.3,60.0,OP1067,Experienced,7.9,Afternoon,84.1,10.0,61.7,2,48.6,1.57,75.7,441,7.8,Eco,Forward,1,1,17,76.5,1,Unfastened,9.88,Worker,0,5.8,Clear,0,0,Cloudy,80.7,40.7,39.0,Dry,Haul_Road,Zone B,Dawn_Dusk,TSK-009633,Loading,2,690.5,690.5,161.4,0.861,174.9,166.0,34.8,22.4,LOW,0,0.0101,Normal,21.1,No_Incident,19.83
R011692,2026-05-08 06:47,NORMAL_OPERATION,EXC-214,Excavator,Large Excavator (30t class),11016.2,8.29,87.6,71.8,0.0,22.37,64.5,80.8,OP1094,Expert,11.1,Morning,97.2,21.9,83.1,5,77.2,2.3,73.5,132,10.0,Power,Swinging,1,0,6,94.8,2,Fastened,7.04,Worker,0,4.9,Clear,0,0,Clear,93.1,35.4,17.1,Dry,Gentle_Slope,Zone E,Daylight,TSK-011692,Excavation,2,302.4,302.4,54.4,0.244,60.5,54.5,20.1,9.3,LOW,0,0.0995,Normal,42.6,No_Incident,15.03
R016853,2026-05-08 08:35,PROXIMITY_HAZARD,EXC-202,Excavator,Medium Excavator (20t class),13629.8,10.29,90.9,68.7,2.13,14.58,53.4,80.3,OP1115,Intermediate,3.0,Morning,71.6,16.6,52.9,1,45.2,1.84,92.1,226,24.5,Standard,Reverse,7,5,13,58.7,4,Fastened,3.4,Worker,0,12.4,Warning,0,0,Cloudy,84.7,33.9,29.6,Dry,Embankment,Zone E,Daylight,TSK-016853,Excavation,3,414.2,414.2,124.5,0.939,110.5,146.0,37.3,84.6,CRITICAL,0,0.1294,Normal,9.7,No_Incident,11.1
R035271,2026-05-08 14:29,MULTIPLE_SIMULTANEOUS_RISKS,EXC-210,Excavator,Medium Excavator (20t class),3395.7,2.29,86.7,69.7,0.45,17.44,80.4,90.6,OP1034,Experienced,5.7,Afternoon,83.1,14.6,75.3,0,60.2,1.98,98.7,403,33.0,Standard,Stationary,0,4,26,75.1,4,Fastened,9.52,Material_Pile,0,14.9,Clear,1,1,Dust_Wind,51.5,38.8,71.8,Dry,Embankment,Zone E,Daylight,TSK-035271,Excavation,3,798.2,798.2,252.6,0.322,212.8,248.5,73.9,58.1,HIGH,0,0.0679,Normal,176.8,Stability_Loss,10.8
R009428,2026-05-08 15:24,MACHINE_OVERHEATING,WHL-314,Wheel Loader,Medium Wheel Loader,12288.5,8.29,108.4,90.7,6.44,10.79,36.6,50.3,OP1038,Intermediate,2.7,Afternoon,72.9,18.2,88.9,0,50.0,2.59,57.2,327,51.2,Standard,Forward,2,4,20,74.2,1,Fastened,6.6,Vehicle,0,3.0,Clear,0,0,Cloudy,94.7,42.0,21.6,Dry,Flat,Zone B,Daylight,TSK-009428,Loading,2,847.9,847.9,206.3,0.302,181.4,312.3,57.4,48.6,MEDIUM,0,0.1444,Normal,199.9,No_Incident,14.78
R031829,2026-05-08 15:28,STEEP_TERRAIN,WHL-311,Wheel Loader,Medium Wheel Loader,1881.7,1.39,85.0,73.7,3.36,14.85,82.6,79.6,OP1040,Expert,12.9,Afternoon,87.4,14.5,75.1,8,66.8,3.45,73.5,152,18.8,Standard,Forward,2,7,14,82.6,0,Unfastened,7.46,Structure,0,26.8,Clear,1,1,Clear,87.9,44.6,37.5,Loose,Stockpile,Zone E,Daylight,TSK-031829,Loading,3,521.1,521.1,125.1,0.644,111.5,158.9,41.3,82.3,CRITICAL,0,0.192,Normal,50.1,Stability_Loss,12.61
R017108,2026-05-08 18:44,EXCESSIVE_IDLE,EXC-207,Excavator,Large Excavator (30t class),7819.4,5.19,85.4,65.6,0.21,18.84,83.0,61.1,OP1059,Expert,10.4,Afternoon,84.7,19.6,83.9,5,71.9,2.42,76.4,89,6.3,Standard,Swinging,0,0,1,85.0,0,Fastened,18.9,No_Object,0,2.8,Clear,0,0,Clear,85.0,40.1,21.6,Dry,Flat,Zone C,Daylight,TSK-017108,Backfilling,2,215.1,215.1,46.3,0.534,36.6,33.7,10.2,3.7,LOW,0,0.1344,Normal,17.3,No_Incident,20.99
R039738,2026-05-08 23:25,NORMAL_OPERATION,EXC-206,Excavator,Large Excavator (30t class),11783.9,9.99,84.5,61.2,2.9,20.02,71.3,60.5,OP1044,Experienced,6.8,Night,79.9,12.4,75.8,1,74.4,1.85,57.2,395,17.9,Standard,Forward,4,2,10,92.9,1,Fastened,17.05,No_Object,0,8.1,Clear,0,0,Hot,66.5,35.9,31.1,Dry,Gentle_Slope,Zone A,Night_Floodlit,TSK-039738,Excavation,3,729.6,729.6,122.0,0.356,145.9,200.0,64.9,15.2,LOW,0,0.0664,Normal,136.3,No_Incident,11.24
R034341,2026-05-09 07:40,PROXIMITY_HAZARD,WHL-309,Wheel Loader,Medium Wheel Loader,13487.1,10.49,85.2,67.6,7.66,11.84,66.0,70.4,OP1064,Experienced,8.2,Morning,73.8,22.8,63.1,5,51.5,3.94,83.4,115,26.7,Standard,Reverse,1,2,9,78.4,1,Fastened,0.98,Worker,0,3.0,Violated,1,1,Cloudy,69.8,33.6,32.0,Dry,Haul_Road,Zone B,Dawn_Dusk,TSK-034341,Loading,3,453.0,453.0,111.5,0.25,96.9,110.4,21.6,97.3,CRITICAL,0,0.0576,Normal,84.3,Proximity_Near_Miss,20.94
R028459,2026-05-09 09:12,STEEP_TERRAIN,EXC-217,Excavator,Medium Excavator (20t class),7943.6,5.99,88.1,69.5,2.49,16.56,63.8,83.0,OP1032,Intermediate,4.4,Morning,67.2,29.8,68.2,1,45.1,1.65,87.1,202,25.8,Eco,Forward,1,2,17,76.2,2,Fastened,6.61,Vehicle,0,18.8,Clear,0,0,Hot,91.3,35.3,22.7,Dry,Embankment,Zone E,Daylight,TSK-028459,Trenching,2,331.9,331.9,141.0,0.159,115.0,144.9,38.8,64.1,HIGH,0,0.3793,Normal,117.2,No_Incident,8.54
R020391,2026-05-09 11:19,POOR_WEATHER,WHL-307,Wheel Loader,Large Wheel Loader,4481.6,3.19,83.1,60.7,3.89,20.24,81.0,64.4,OP1108,Novice,0.4,Morning,57.4,20.3,62.4,2,14.2,5.39,78.5,91,24.1,Power,Reverse,2,0,11,66.2,1,Fastened,15.89,No_Object,0,10.4,Clear,0,0,Dust_Wind,38.8,35.6,83.3,Loose,Stockpile,Zone D,Dawn_Dusk,TSK-020391,Stockpiling,2,486.3,486.3,107.2,0.212,81.5,133.1,46.2,40.1,MEDIUM,0,0.0756,Normal,106.8,No_Incident,10.52
R023984,2026-05-09 19:01,PROXIMITY_HAZARD,WHL-312,Wheel Loader,Medium Wheel Loader,6117.7,3.89,82.3,62.0,7.3,9.7,83.3,54.5,OP1004,Intermediate,2.4,Afternoon,64.1,49.2,58.0,1,36.4,3.03,70.5,219,68.5,Standard,Reverse,1,0,14,77.3,5,Unfastened,2.2,Worker,1,0.7,Violated,0,1,Clear,94.2,42.3,42.1,Dry,Haul_Road,Zone B,Daylight,TSK-023984,Loading,1,662.6,662.6,263.2,0.631,141.7,178.2,29.0,93.5,CRITICAL,0,0.1308,Normal,72.5,Proximity_Near_Miss,22.87
R016168,2026-05-09 23:59,LOW_VISIBILITY,EXC-208,Excavator,Large Excavator (30t class),5588.8,3.99,83.6,59.3,2.0,16.52,78.4,63.8,OP1073,Experienced,6.0,Night,68.6,26.7,75.3,2,49.4,2.61,79.3,393,54.1,Eco,Reverse,0,3,13,85.0,4,Fastened,17.05,No_Object,0,5.3,Clear,0,0,Cloudy,45.2,30.4,33.7,Loose,Stockpile,Zone D,Night_Poor,TSK-016168,Loading,2,1026.4,1026.4,279.2,0.499,195.0,270.4,72.7,42.1,MEDIUM,0,0.0328,Normal,141.9,No_Incident,14.12
R023837,2026-05-10 00:25,MACHINE_OVERHEATING,WHL-315,Wheel Loader,Medium Wheel Loader,9614.6,7.09,104.6,84.8,5.06,13.93,58.1,71.2,OP1043,Expert,10.4,Night,83.5,13.6,83.9,4,58.2,3.61,77.2,87,9.2,Standard,Forward,2,1,7,79.0,1,Fastened,20.0,Structure,0,6.1,Clear,0,1,Clear,56.1,32.9,33.2,Loose,Stockpile,Zone D,Night_Poor,TSK-023837,Loading,3,311.7,311.7,80.5,0.501,66.7,91.1,21.5,57.2,HIGH,0,0.0298,Normal,46.1,Stability_Loss,14.47
R009299,2026-05-10 02:48,HIGH_LOAD_OPERATION,EXC-202,Excavator,Medium Excavator (20t class),13700.9,10.29,90.3,69.8,3.06,15.57,56.3,81.6,OP1002,Experienced,5.2,Night,77.3,26.5,86.3,2,67.8,2.07,105.5,177,30.7,Standard,Forward,1,2,15,70.2,2,Fastened,9.92,Worker,0,2.9,Clear,0,0,Hot,66.4,37.5,34.4,Dry,Flat,Zone C,Night_Floodlit,TSK-009299,Trenching,4,363.5,363.5,166.4,0.268,126.0,153.0,40.8,37.5,MEDIUM,0,0.1312,Normal,110.2,No_Incident,8.91
R022901,2026-05-10 10:57,NORMAL_OPERATION,WHL-306,Wheel Loader,Large Wheel Loader,9049.5,5.69,88.2,71.8,7.19,24.76,66.7,82.4,OP1062,Experienced,5.1,Morning,76.7,22.4,90.4,1,58.1,5.83,88.8,126,22.8,Standard,Reverse,0,0,21,82.2,2,Fastened,7.22,Material_Pile,0,8.8,Clear,0,0,Cloudy,77.2,37.2,35.2,Dry,Stockpile,Zone D,Daylight,TSK-022901,Loading,2,731.0,731.0,168.0,0.535,116.4,145.6,61.2,41.8,MEDIUM,0,0.0935,Normal,68.0,No_Incident,11.94
R016070,2026-05-10 18:31,POOR_WEATHER,EXC-204,Excavator,Medium Excavator (20t class),1853.8,1.39,80.5,58.7,0.0,8.67,90.9,51.9,OP1111,Expert,11.3,Afternoon,78.8,27.5,78.0,5,74.5,1.41,68.0,284,55.9,Eco,Stationary,3,0,11,94.8,1,Fastened,9.95,Worker,0,1.4,Clear,0,0,Light_Rain,79.1,37.0,12.1,Wet,Flat,Zone A,Daylight,TSK-016070,Trenching,4,398.8,398.8,144.4,0.277,138.2,208.5,30.8,6.9,LOW,0,0.1005,Normal,154.3,No_Incident,12.95
R029385,2026-05-12 00:54,NORMAL_OPERATION,WHL-301,Wheel Loader,Large Wheel Loader,12088.8,7.99,82.1,65.6,6.44,14.47,57.7,62.9,OP1082,Experienced,5.9,Night,79.8,42.4,77.9,1,72.2,5.43,74.6,181,83.3,Standard,Forward,3,1,10,75.9,4,Fastened,8.64,Worker,0,6.2,Clear,0,0,Clear,66.5,28.9,45.3,Dry,Haul_Road,Zone B,Night_Floodlit,TSK-029385,Loading,4,977.9,977.9,213.2,0.732,155.7,265.8,65.1,43.8,MEDIUM,0,0.0453,Normal,66.5,No_Incident,15.02
R019107,2026-05-12 18:38,PROXIMITY_HAZARD,EXC-220,Excavator,Large Excavator (30t class),3339.4,2.0,84.3,64.4,3.29,20.32,87.3,59.9,OP1011,Intermediate,4.3,Afternoon,77.5,14.6,74.5,0,68.3,2.27,72.1,346,18.1,Standard,Reverse,2,1,14,90.3,4,Fastened,2.7,Worker,0,0.0,Violated,0,0,Clear,72.1,40.5,25.8,Dry,Flat,Zone B,Dawn_Dusk,TSK-019107,Loading,3,783.1,783.1,148.9,0.393,148.8,150.9,51.1,19.2,LOW,0,0.0997,Normal,89.2,No_Incident,15.31
R020112,2026-05-13 10:33,HIGH_LOAD_OPERATION,EXC-224,Excavator,Large Excavator (30t class),15277.5,9.5,83.7,64.7,0.3,22.45,52.9,69.3,OP1095,Novice,1.6,Morning,68.7,16.3,58.7,1,36.4,3.08,95.6,460,58.4,Standard,Swinging,5,9,53,70.9,2,Fastened,8.98,Worker,1,0.2,Clear,0,0,Heavy_Rain,41.1,27.9,0.0,Muddy,Flat,Zone B,Daylight,TSK-020112,Loading,3,1415.6,1415.6,289.4,0.587,269.0,439.2,163.1,57.7,HIGH,0,0.0564,Normal,165.0,No_Incident,8.68
R019004,2026-05-13 10:44,EXCESSIVE_IDLE,EXC-206,Excavator,Large Excavator (30t class),11717.6,10.0,84.4,68.3,0.46,20.61,67.6,68.4,OP1077,Experienced,7.3,Morning,80.4,14.4,80.6,0,76.5,2.27,69.9,358,30.0,Power,Swinging,1,2,6,90.0,1,Fastened,15.73,No_Object,0,1.6,Clear,0,0,Cloudy,74.6,39.3,15.0,Dry,Flat,Zone A,Dawn_Dusk,TSK-019004,Excavation,4,810.8,810.8,150.7,0.692,162.2,173.3,57.8,7.2,LOW,0,0.2901,Normal,51.7,No_Incident,14.02
R013769,2026-05-13 14:05,LOW_VISIBILITY,WHL-308,Wheel Loader,Large Wheel Loader,6763.8,5.4,85.7,59.7,6.21,19.13,82.9,63.9,OP1100,Experienced,5.4,Afternoon,64.4,23.0,78.6,1,59.4,5.22,72.2,138,40.3,Standard,Forward,2,13,20,74.4,3,Fastened,12.49,Structure,0,1.0,Clear,0,0,Dust_Wind,31.9,37.5,83.7,Dry,Flat,Zone B,Daylight,TSK-013769,Loading,4,720.5,720.5,124.5,0.656,114.7,203.4,64.6,31.6,MEDIUM,0,0.1319,Normal,76.0,No_Incident,11.15
R010389,2026-05-13 17:46,HIGH_LOAD_OPERATION,EXC-222,Excavator,Medium Excavator (20t class),9075.3,6.1,84.9,61.1,2.74,13.55,81.5,68.2,OP1088,Experienced,8.5,Afternoon,76.8,29.1,67.7,0,51.6,1.8,92.1,317,35.0,Power,Forward,2,0,12,83.2,2,Fastened,10.71,Vehicle,0,1.3,Clear,0,0,Hot,82.8,42.0,24.5,Dry,Flat,Zone D,Daylight,TSK-010389,Loading,2,570.2,570.2,175.3,0.225,144.5,149.1,33.9,10.0,LOW,0,0.0519,Normal,121.8,No_Incident,16.81
R038428,2026-05-14 02:31,EFFICIENT_OPERATION,EXC-203,Excavator,Large Excavator (30t class),13556.1,8.8,81.1,64.8,2.18,18.34,55.8,73.8,OP1069,Intermediate,3.2,Night,68.9,27.8,64.7,0,68.7,2.16,66.7,180,29.0,Standard,Forward,2,1,16,83.6,1,Fastened,14.26,No_Object,0,12.3,Clear,0,0,Clear,75.0,30.9,30.2,Dry,Embankment,Zone A,Night_Floodlit,TSK-038428,Excavation,4,387.8,387.8,108.0,0.654,77.6,132.1,40.0,26.0,LOW,0,0.1829,Normal,49.4,No_Incident,9.7
R013085,2026-05-15 01:57,EFFICIENT_OPERATION,EXC-201,Excavator,Large Excavator (30t class),8405.7,5.7,83.4,61.7,0.42,17.09,82.8,57.0,OP1045,Experienced,8.9,Night,71.9,25.4,74.5,1,56.9,2.3,73.5,260,11.2,Eco,Swinging,2,1,9,81.5,1,Fastened,9.5,Worker,0,3.2,Clear,0,0,Hot,67.5,34.5,35.9,Dry,Gentle_Slope,Zone C,Night_Floodlit,TSK-013085,Backfilling,2,596.0,596.0,128.2,0.571,101.3,88.5,25.2,16.8,LOW,0,0.0252,Normal,35.9,No_Incident,23.67
R032141,2026-05-15 11:27,NORMAL_OPERATION,WHL-302,Wheel Loader,Medium Wheel Loader,10700.4,7.11,80.5,60.0,6.38,10.92,73.7,54.3,OP1066,Experienced,8.0,Morning,78.3,10.7,61.7,3,52.3,3.47,74.0,251,21.7,Eco,Reverse,2,0,18,69.3,2,Fastened,15.11,Vehicle,0,2.3,Clear,0,0,Clear,92.1,36.5,11.5,Dry,Flat,Zone D,Daylight,TSK-032141,Stockpiling,3,870.1,870.1,206.9,0.859,195.9,220.9,39.4,22.8,LOW,0,0.2074,Normal,32.0,No_Incident,22.09
R021506,2026-05-15 15:37,STEEP_TERRAIN,WHL-309,Wheel Loader,Medium Wheel Loader,13509.4,10.51,85.7,67.6,2.92,11.33,66.3,77.2,OP1014,Experienced,5.2,Afternoon,73.9,28.4,78.8,1,66.1,3.11,71.3,176,58.6,Eco,Forward,4,2,21,82.0,4,Fastened,12.79,No_Object,0,25.5,Clear,0,0,Clear,83.5,35.6,21.5,Loose,Embankment,Zone E,Dawn_Dusk,TSK-021506,Stockpiling,3,544.7,544.7,134.8,0.831,122.7,263.2,50.0,60.8,HIGH,0,0.1018,Normal,44.6,No_Incident,10.89
R030424,2026-05-16 01:14,NORMAL_OPERATION,EXC-206,Excavator,Large Excavator (30t class),11841.0,10.01,81.0,62.3,2.44,23.65,72.5,77.4,OP1044,Experienced,6.8,Night,79.9,12.4,78.9,1,74.4,2.76,86.4,289,16.0,Standard,Reverse,2,0,10,95.1,3,Fastened,19.24,No_Object,0,3.5,Clear,0,0,Dust_Wind,23.1,28.8,75.1,Dry,Gentle_Slope,Zone E,Night_Poor,TSK-030424,Excavation,4,798.3,798.3,157.6,0.28,159.7,191.6,74.8,29.7,LOW,0,0.0549,Normal,133.1,No_Incident,10.68
R026737,2026-05-16 07:24,PROXIMITY_HAZARD,EXC-219,Excavator,Large Excavator (30t class),2974.1,2.31,82.4,60.5,2.63,20.11,89.7,66.1,OP1046,Novice,1.9,Morning,71.3,15.7,63.6,2,46.4,2.36,75.3,311,22.0,Standard,Reverse,2,3,21,69.5,3,Fastened,2.18,Worker,1,2.8,Violated,1,1,Hot,82.3,40.2,19.6,Dry,Flat,Zone B,Daylight,TSK-026737,Loading,3,732.8,732.8,176.4,0.345,139.2,147.6,48.1,78.1,CRITICAL,0,0.0952,Normal,96.0,Proximity_Near_Miss,15.24
R023170,2026-05-16 16:20,POOR_WEATHER,WHL-312,Wheel Loader,Medium Wheel Loader,6210.2,3.91,83.7,58.5,5.65,10.44,83.4,62.1,OP1084,Experienced,6.3,Afternoon,88.8,14.5,90.9,2,70.6,3.19,70.9,173,17.0,Standard,Forward,3,3,6,78.3,2,Fastened,7.79,Worker,0,0.4,Clear,0,0,Heavy_Rain,44.9,31.3,22.8,Wet,Flat,Zone B,Daylight,TSK-023170,Loading,1,549.9,549.9,140.3,0.354,117.6,133.6,22.6,38.7,MEDIUM,0,0.0557,Normal,79.3,No_Incident,24.29
R002878,2026-05-17 06:43,HIGH_LOAD_OPERATION,WHL-316,Wheel Loader,Large Wheel Loader,14012.0,9.71,84.2,71.6,0.43,22.6,61.9,76.3,OP1113,Intermediate,4.5,Morning,76.9,21.0,69.2,0,51.1,7.16,102.6,79,13.1,Power,Stationary,1,1,8,67.7,0,Fastened,5.11,Vehicle,0,2.9,Warning,0,0,Clear,96.6,32.4,15.1,Dry,Flat,Zone D,Daylight,TSK-002878,Loading,1,565.4,565.4,111.1,0.393,90.0,71.8,27.5,24.1,LOW,0,0.1745,Normal,44.7,No_Incident,20.53
R008752,2026-05-17 07:30,PROXIMITY_HAZARD,EXC-208,Excavator,Large Excavator (30t class),5569.4,4.01,79.6,60.7,2.17,16.01,75.7,65.1,OP1018,Experienced,6.1,Morning,70.6,21.9,67.6,1,62.4,2.44,73.7,100,20.4,Standard,Forward,1,1,6,77.7,3,Fastened,1.36,Vehicle,1,0.6,Violated,0,0,Fog,27.4,30.2,16.4,Dry,Flat,Zone C,Daylight,TSK-008752,Trenching,3,242.4,242.4,77.1,0.64,63.0,113.9,29.7,82.9,CRITICAL,0,0.1713,Normal,36.7,No_Incident,8.15
R005629,2026-05-17 18:51,STEEP_TERRAIN,WHL-307,Wheel Loader,Large Wheel Loader,4636.4,3.21,88.6,67.6,4.16,20.05,79.1,69.4,OP1039,Intermediate,4.5,Afternoon,69.9,24.8,71.6,1,51.8,4.74,70.7,157,59.4,Standard,Reverse,6,10,17,68.6,2,Fastened,18.29,No_Object,0,20.0,Clear,0,0,Clear,77.6,41.9,31.5,Dry,Stockpile,Zone E,Dawn_Dusk,TSK-005629,Material_Transfer,4,740.3,740.3,149.0,0.582,142.7,273.7,89.7,47.5,MEDIUM,0,0.2296,Normal,104.1,No_Incident,8.25
R014198,2026-05-18 08:06,PROXIMITY_HAZARD,EXC-201,Excavator,Large Excavator (30t class),8411.4,5.71,80.6,57.3,1.82,20.12,75.9,62.2,OP1018,Experienced,6.1,Morning,70.6,21.9,69.9,1,62.4,1.87,59.1,230,38.3,Power,Forward,0,0,14,84.9,7,Fastened,1.92,Worker,1,3.0,Violated,0,1,Dust_Wind,49.6,34.9,67.0,Dry,Flat,Zone C,Daylight,TSK-014198,Trenching,4,430.1,430.1,115.9,0.571,111.8,208.3,70.1,70.9,HIGH,0,0.4393,Normal,81.4,Proximity_Near_Miss,6.13
R039612,2026-05-18 19:04,LOW_VISIBILITY,EXC-211,Excavator,Medium Excavator (20t class),3855.0,3.01,82.2,62.1,2.26,12.2,82.1,61.5,OP1009,Intermediate,3.8,Afternoon,78.8,25.2,72.6,1,59.3,1.73,86.4,273,21.8,Eco,Reverse,3,2,14,70.9,3,Fastened,5.49,Utility_Marker,0,1.4,Warning,0,0,Clear,33.4,38.1,22.0,Dry,Flat,Zone C,Night_Poor,TSK-039612,Backfilling,3,472.8,472.8,120.9,0.492,107.2,117.1,24.5,24.2,LOW,0,0.0791,Normal,62.0,No_Incident,19.3
R028307,2026-05-20 23:02,NORMAL_OPERATION,EXC-214,Excavator,Large Excavator (30t class),11100.4,8.32,79.8,62.4,0.95,16.6,63.8,59.4,OP1090,Experienced,8.5,Night,85.2,25.5,85.1,4,80.5,1.72,51.7,393,53.2,Standard,Stationary,8,8,27,78.9,4,Fastened,16.39,No_Object,0,7.7,Clear,0,0,Dust_Wind,49.4,30.1,85.2,Dry,Gentle_Slope,Zone A,Night_Floodlit,TSK-028307,Backfilling,4,673.7,673.7,136.2,0.35,114.5,262.5,73.4,32.5,MEDIUM,0,0.2076,Normal,180.2,No_Incident,9.18
R038760,2026-05-21 00:56,NORMAL_OPERATION,EXC-214,Excavator,Large Excavator (30t class),11108.9,8.32,87.5,70.8,2.71,17.0,64.4,73.7,OP1090,Experienced,8.5,Night,85.2,25.5,84.1,4,80.5,2.97,92.0,127,22.6,Standard,Forward,0,0,3,79.5,4,Fastened,6.99,Vehicle,0,4.1,Clear,0,0,Hot,47.7,40.0,35.1,Dry,Gentle_Slope,Zone A,Night_Poor,TSK-038760,Excavation,3,377.3,377.3,69.3,0.224,75.5,95.0,26.9,31.7,MEDIUM,0,0.2217,Normal,76.5,No_Incident,14.0
R030689,2026-05-21 09:52,POOR_WEATHER,EXC-204,Excavator,Medium Excavator (20t class),1895.0,1.42,77.8,57.0,0.3,11.83,88.7,66.3,OP1085,Intermediate,2.0,Morning,63.6,30.1,65.9,2,34.8,1.52,77.5,94,14.1,Standard,Swinging,0,0,9,75.5,2,Fastened,13.77,No_Object,0,1.5,Clear,0,0,Light_Rain,77.1,33.1,17.0,Wet,Flat,Zone A,Daylight,TSK-030689,Trenching,3,142.6,142.6,66.0,0.473,49.5,66.0,13.2,8.8,LOW,0,0.0979,Normal,34.9,No_Incident,10.84
R037673,2026-05-22 10:48,HIGH_LOAD_OPERATION,EXC-201,Excavator,Large Excavator (30t class),8573.2,5.72,84.5,71.9,2.5,19.59,77.5,77.6,OP1065,Experienced,5.1,Morning,65.3,25.7,68.2,3,50.7,3.26,100.0,113,18.7,Standard,Forward,2,2,9,72.4,0,Fastened,13.04,Utility_Marker,0,0.8,Clear,0,0,Hot,90.9,41.0,40.3,Dry,Trench_Edge,Zone C,Daylight,TSK-037673,Trenching,2,365.8,365.8,118.9,0.843,95.1,83.6,27.3,23.2,LOW,0,0.0395,Normal,14.7,No_Incident,13.42
R034512,2026-05-22 11:10,NORMAL_OPERATION,WHL-308,Wheel Loader,Large Wheel Loader,6883.0,5.42,84.0,66.0,7.65,14.09,82.2,65.3,OP1049,Intermediate,4.0,Morning,78.6,30.2,70.9,1,64.7,5.84,84.0,203,54.3,Standard,Forward,7,6,17,82.9,0,Fastened,14.03,No_Object,0,4.0,Clear,0,0,Clear,88.4,37.0,34.2,Dry,Stockpile,Zone D,Daylight,TSK-034512,Material_Transfer,2,1185.5,1185.5,312.7,0.895,228.5,235.4,57.7,36.4,MEDIUM,0,0.2266,Normal,25.3,No_Incident,20.54
R029773,2026-05-22 11:20,NORMAL_OPERATION,EXC-208,Excavator,Large Excavator (30t class),5596.8,4.02,84.3,60.9,1.97,21.05,77.6,61.3,OP1070,Experienced,7.5,Morning,84.4,15.0,75.1,2,60.9,2.5,83.1,100,3.8,Standard,Reverse,0,1,2,70.5,0,Fastened,8.1,Structure,0,6.5,Clear,0,0,Clear,90.8,35.4,23.0,Dry,Gentle_Slope,Zone E,Daylight,TSK-029773,Backfilling,3,248.6,248.6,41.7,0.886,42.3,44.4,15.2,9.5,LOW,0,0.057,Normal,5.6,No_Incident,16.35
R017222,2026-05-23 11:13,EXCESSIVE_IDLE,EXC-201,Excavator,Large Excavator (30t class),8563.2,5.73,83.2,62.4,2.54,16.34,77.6,58.0,OP1051,Intermediate,4.1,Morning,68.4,11.0,78.3,2,62.1,2.34,70.7,188,24.7,Eco,Forward,0,2,10,75.8,4,Fastened,7.35,Structure,0,4.7,Clear,0,0,Clear,100.0,38.8,28.7,Dry,Gentle_Slope,Zone E,Daylight,TSK-017222,Excavation,3,438.6,438.6,120.0,0.65,87.7,119.1,32.0,9.7,LOW,1,0.9944,Excessive_Idle,37.2,No_Incident,13.72
R013980,2026-05-23 18:58,EFFICIENT_OPERATION,WHL-307,Wheel Loader,Large Wheel Loader,4621.1,3.23,83.8,66.0,5.25,15.28,74.9,69.8,OP1078,Expert,12.2,Afternoon,65.9,22.0,61.5,4,61.1,5.86,84.3,74,10.7,Eco,Reverse,1,2,17,81.2,2,Fastened,14.36,No_Object,0,12.4,Clear,1,1,Clear,88.4,41.1,36.8,Dry,Stockpile,Zone D,Daylight,TSK-013980,Material_Transfer,2,432.0,432.0,94.0,0.687,83.3,83.7,21.8,42.1,MEDIUM,0,0.0422,Normal,28.8,Stability_Loss,19.85
R020795,2026-05-23 23:07,NORMAL_OPERATION,EXC-218,Excavator,Medium Excavator (20t class),8580.6,7.23,83.8,65.8,0.15,13.81,66.6,65.2,OP1023,Intermediate,2.4,Night,70.1,14.9,64.2,0,41.4,1.4,68.1,257,15.6,Standard,Swinging,3,3,15,72.5,0,Fastened,6.19,Worker,0,1.9,Clear,0,0,Clear,66.3,32.0,35.7,Dry,Flat,Zone C,Night_Floodlit,TSK-020795,Trenching,2,357.6,357.6,156.4,0.666,124.0,145.2,33.7,11.2,LOW,0,0.1544,Normal,47.6,No_Incident,10.61
R019656,2026-05-23 23:52,EXCESSIVE_IDLE,WHL-310,Wheel Loader,Medium Wheel Loader,5015.3,3.43,81.6,61.5,8.09,10.81,75.1,58.6,OP1093,Intermediate,3.4,Night,77.1,10.9,67.7,1,46.6,2.93,65.5,176,40.4,Standard,Forward,2,0,29,73.8,2,Unfastened,8.47,Worker,0,5.2,Clear,0,0,Clear,76.5,34.4,34.2,Dry,Stockpile,Zone D,Night_Floodlit,TSK-019656,Stockpiling,3,515.5,515.5,134.3,0.17,116.1,179.6,31.7,26.9,LOW,1,1.0,Excessive_Idle,151.6,No_Incident,16.29
R000091,2026-05-24 09:54,HIGH_LOAD_OPERATION,WHL-314,Wheel Loader,Medium Wheel Loader,12429.8,8.33,83.9,66.4,6.89,17.08,68.5,86.1,OP1022,Expert,17.7,Morning,81.5,16.0,97.2,2,78.0,5.13,111.2,117,14.8,Power,Reverse,4,0,5,88.4,0,Fastened,16.42,No_Object,0,4.5,Clear,0,0,Clear,91.2,33.3,43.5,Dry,Haul_Road,Zone F,Daylight,TSK-000091,Material_Transfer,3,597.1,597.1,153.9,0.355,154.6,121.4,35.1,29.0,LOW,0,0.1591,Normal,81.8,No_Incident,17.0
R005227,2026-05-24 11:13,STEEP_TERRAIN,EXC-208,Excavator,Large Excavator (30t class),5623.3,4.03,86.4,68.0,1.03,24.62,73.5,76.4,OP1076,Experienced,6.5,Morning,75.4,15.7,87.8,2,52.3,2.07,66.5,195,16.5,Standard,Swinging,1,3,5,84.8,2,Fastened,11.18,No_Object,0,26.4,Clear,0,0,Hot,97.4,35.1,24.5,Dry,Gentle_Slope,Zone A,Daylight,TSK-005227,Loading,3,404.4,404.4,89.8,0.071,76.8,133.5,51.6,41.0,MEDIUM,0,0.2583,Normal,122.1,No_Incident,7.84
R032914,2026-05-24 22:07,HIGH_LOAD_OPERATION,EXC-210,Excavator,Medium Excavator (20t class),3444.2,2.33,83.3,64.1,0.24,20.18,81.4,81.5,OP1027,Expert,24.2,Night,85.9,18.4,99.7,5,86.2,2.23,107.1,333,20.0,Power,Swinging,5,2,11,93.3,1,Fastened,16.48,No_Object,0,2.1,Clear,0,0,Clear,49.4,28.8,24.5,Dry,Flat,Zone B,Night_Poor,TSK-032914,Loading,3,743.5,743.5,196.7,0.909,188.4,142.6,48.1,19.2,LOW,0,0.1685,Normal,13.8,No_Incident,15.46
R026212,2026-05-25 10:19,NORMAL_OPERATION,WHL-304,Wheel Loader,Medium Wheel Loader,5498.7,4.23,83.1,60.2,6.62,9.88,82.7,53.3,OP1086,Expert,12.2,Morning,87.7,22.8,87.5,5,80.7,2.84,63.0,379,77.2,Eco,Reverse,2,1,9,80.5,2,Fastened,11.35,No_Object,0,5.3,Clear,0,0,Hot,85.5,40.9,60.1,Dry,Haul_Road,Zone F,Daylight,TSK-026212,Material_Transfer,2,1072.8,1072.8,315.5,0.476,277.8,351.2,57.1,14.1,LOW,0,0.0792,Normal,168.1,No_Incident,18.8
R003195,2026-05-25 11:22,EFFICIENT_OPERATION,EXC-203,Excavator,Large Excavator (30t class),13626.6,8.83,83.9,63.9,2.59,14.11,55.0,55.9,OP1000,Intermediate,4.8,Morning,72.9,16.4,71.9,1,52.7,2.26,73.1,344,17.6,Eco,Reverse,0,0,24,72.7,2,Fastened,15.12,No_Object,0,6.0,Clear,0,0,Dust_Wind,53.9,31.9,73.8,Dry,Stockpile,Zone D,Daylight,TSK-003195,Loading,2,775.6,775.6,178.7,0.215,147.4,217.6,51.7,25.9,LOW,0,0.0364,Normal,179.2,No_Incident,15.0
R006708,2026-05-25 16:02,EXCESSIVE_IDLE,WHL-302,Wheel Loader,Medium Wheel Loader,10770.3,7.13,85.1,62.2,7.89,12.34,71.3,63.4,OP1106,Experienced,8.4,Afternoon,67.1,19.8,74.2,5,47.3,3.21,72.1,432,84.7,Standard,Forward,7,9,45,65.2,9,Fastened,5.05,Structure,0,1.3,Warning,0,0,Cloudy,93.7,38.2,14.8,Dry,Flat,Zone B,Daylight,TSK-006708,Material_Transfer,3,1385.9,1385.9,433.7,0.264,358.9,445.6,92.6,31.2,MEDIUM,0,0.2383,Normal,345.0,No_Incident,14.96
R033369,2026-05-25 17:53,NORMAL_OPERATION,WHL-307,Wheel Loader,Large Wheel Loader,4555.8,3.23,84.1,63.9,7.07,17.73,81.5,61.4,OP1052,Experienced,6.0,Afternoon,75.1,14.1,74.9,2,59.2,5.98,86.7,144,14.4,Standard,Forward,2,1,11,84.3,0,Fastened,6.4,Material_Pile,0,2.9,Clear,0,0,Hot,89.8,41.7,34.0,Dry,Flat,Zone B,Daylight,TSK-033369,Loading,3,855.9,855.9,136.9,0.159,136.3,144.2,43.5,21.8,LOW,0,0.0159,Normal,125.9,No_Incident,19.68
R006712,2026-05-25 22:45,NORMAL_OPERATION,WHL-310,Wheel Loader,Medium Wheel Loader,5071.0,3.43,81.0,59.2,6.99,10.46,80.1,61.8,OP1006,Experienced,8.9,Night,78.9,23.8,77.2,1,64.8,3.58,80.3,113,16.3,Eco,Reverse,2,0,7,79.2,2,Fastened,9.37,Worker,0,3.7,Clear,0,0,Hot,72.3,37.8,49.5,Dry,Stockpile,Zone D,Night_Floodlit,TSK-006712,Material_Transfer,2,403.5,403.5,122.2,0.861,104.5,99.5,17.1,24.1,LOW,0,0.0795,Normal,13.8,No_Incident,23.55
R036128,2026-05-26 09:15,NORMAL_OPERATION,WHL-316,Wheel Loader,Large Wheel Loader,14051.1,9.74,85.4,66.1,6.06,16.11,63.6,69.6,OP1113,Intermediate,4.5,Morning,76.9,21.0,70.2,0,51.1,6.34,85.5,134,30.3,Eco,Forward,4,3,20,70.6,2,Fastened,7.52,Material_Pile,0,9.7,Clear,0,0,Clear,98.4,33.3,39.3,Dry,Stockpile,Zone D,Daylight,TSK-036128,Material_Transfer,3,843.2,843.2,191.6,0.719,162.5,186.6,52.4,51.7,MEDIUM,0,0.1608,Normal,55.8,No_Incident,16.1
R018377,2026-05-26 10:40,NORMAL_OPERATION,WHL-301,Wheel Loader,Large Wheel Loader,12269.9,8.04,84.7,64.5,6.85,21.34,57.9,62.3,OP1024,Novice,0.9,Morning,74.7,8.4,68.8,0,47.7,5.37,74.9,163,10.8,Standard,Forward,0,0,22,56.9,4,Fastened,6.92,Structure,0,0.1,Clear,0,0,Clear,83.7,31.7,37.5,Dry,Flat,Zone B,Dawn_Dusk,TSK-018377,Material_Transfer,1,872.7,872.7,191.6,0.794,168.2,150.7,55.0,23.1,LOW,0,0.0533,Normal,32.5,No_Incident,15.88
R037652,2026-05-26 17:07,UNSAFE_OPERATION,WHL-307,Wheel Loader,Large Wheel Loader,4593.4,3.24,84.8,59.3,8.59,22.23,80.7,63.6,OP1106,Experienced,8.4,Afternoon,67.1,19.8,75.2,5,47.3,4.94,68.7,227,50.2,Power,Forward,9,11,52,56.0,5,Unfastened,4.8,Worker,0,4.5,Warning,0,0,Clear,86.7,36.2,46.1,Dry,Haul_Road,Zone F,Daylight,TSK-037652,Material_Transfer,3,1120.2,1120.2,275.6,0.811,215.9,272.5,98.9,71.3,HIGH,1,0.8698,Erratic_Control,55.4,No_Incident,11.33
R031201,2026-05-26 17:25,STEEP_TERRAIN,WHL-302,Wheel Loader,Medium Wheel Loader,10710.9,7.14,85.7,70.5,4.43,17.21,75.5,83.2,OP1033,Intermediate,4.1,Afternoon,76.3,13.6,76.5,3,47.1,3.93,85.5,87,14.4,Standard,Forward,3,7,8,64.7,3,Fastened,11.08,Material_Pile,0,23.9,Clear,1,1,Dust_Wind,51.0,41.0,82.6,Loose,Stockpile,Zone A,Daylight,TSK-031201,Loading,3,339.7,339.7,73.6,0.339,72.7,110.6,31.7,90.3,CRITICAL,0,0.1462,Normal,69.5,Stability_Loss,10.72
R004938,2026-05-27 16:43,NORMAL_OPERATION,EXC-223,Excavator,Large Excavator (30t class),9358.8,7.24,84.5,61.3,0.07,12.51,78.9,59.0,OP1081,Experienced,5.7,Afternoon,64.4,43.9,74.5,0,59.0,2.59,81.5,78,27.4,Eco,Swinging,1,0,4,76.2,1,Fastened,17.83,No_Object,0,0.0,Clear,0,0,Clear,89.3,36.2,28.5,Dry,Flat,Zone A,Daylight,TSK-004938,Trenching,4,202.2,202.2,79.8,0.238,52.6,77.6,16.4,5.3,LOW,0,0.0281,Normal,59.8,No_Incident,12.31
R035000,2026-05-28 08:52,NORMAL_OPERATION,EXC-208,Excavator,Large Excavator (30t class),5776.8,4.04,79.1,56.2,2.14,13.53,81.2,43.1,OP1070,Experienced,7.5,Morning,84.4,15.0,77.8,2,60.9,2.34,71.6,195,9.5,Eco,Reverse,0,5,5,78.5,1,Fastened,5.33,Worker,0,1.3,Warning,0,0,Cloudy,87.7,36.3,25.2,Dry,Flat,Zone B,Daylight,TSK-035000,Loading,1,456.3,456.3,91.0,0.303,86.7,89.2,20.2,25.9,LOW,0,0.0739,Normal,64.0,No_Incident,22.57
R019783,2026-05-28 15:17,MACHINE_OVERHEATING,EXC-206,Excavator,Large Excavator (30t class),11891.0,10.04,107.5,83.7,2.22,16.77,48.8,57.2,OP1057,Intermediate,3.8,Afternoon,79.6,14.3,67.2,1,61.1,2.08,61.8,392,27.3,Eco,Forward,5,3,16,70.8,4,Fastened,11.28,No_Object,0,0.7,Clear,0,0,Dust_Wind,41.6,44.8,75.9,Dry,Flat,Zone A,Dawn_Dusk,TSK-019783,Excavation,2,814.3,814.3,165.5,0.299,162.9,246.3,70.2,31.6,MEDIUM,0,0.1679,Normal,173.3,No_Incident,11.6
R014336,2026-05-28 15:48,HIGH_LOAD_OPERATION,EXC-223,Excavator,Large Excavator (30t class),9216.0,7.24,88.5,68.6,0.61,22.25,75.6,87.2,OP1020,Novice,0.5,Afternoon,69.3,32.5,67.4,0,41.7,3.4,107.4,114,24.9,Power,Swinging,1,2,12,74.2,3,Fastened,4.62,Material_Pile,0,2.8,Warning,0,0,Dust_Wind,30.3,38.8,68.4,Dry,Flat,Zone A,Dawn_Dusk,TSK-014336,Excavation,4,384.2,384.2,110.5,0.583,76.8,121.2,45.2,38.5,MEDIUM,0,0.0477,Normal,53.1,No_Incident,8.51
R039647,2026-05-29 06:23,LOW_VISIBILITY,WHL-307,Wheel Loader,Large Wheel Loader,4634.8,3.24,79.2,62.6,6.85,21.34,81.8,63.5,OP1108,Novice,0.4,Morning,57.4,20.3,61.1,2,14.2,4.87,72.5,185,45.6,Power,Forward,6,3,36,65.2,5,Fastened,5.54,Worker,0,2.2,Warning,0,0,Fog,43.7,31.6,24.8,Dry,Flat,Zone B,Daylight,TSK-039647,Loading,4,897.7,897.7,193.4,0.423,143.0,269.1,93.1,30.2,MEDIUM,0,0.3155,Normal,164.4,No_Incident,9.64
R002026,2026-05-29 09:50,EXCESSIVE_IDLE,EXC-201,Excavator,Large Excavator (30t class),8569.5,5.74,86.3,65.3,0.0,19.56,76.5,71.8,OP1051,Intermediate,4.1,Morning,68.4,11.0,76.1,2,62.1,2.39,73.9,85,11.4,Standard,Swinging,0,3,5,73.0,2,Fastened,5.83,Worker,0,7.4,Warning,0,0,Clear,95.6,37.4,25.6,Dry,Gentle_Slope,Zone A,Daylight,TSK-002026,Trenching,3,200.7,200.7,60.5,0.77,52.2,63.7,20.3,25.3,LOW,1,0.9512,Excessive_Idle,14.8,No_Incident,9.87
R013091,2026-05-29 19:04,UNSAFE_OPERATION,EXC-208,Excavator,Large Excavator (30t class),5798.9,4.04,82.6,66.9,4.05,25.48,77.6,70.7,OP1072,Novice,1.7,Afternoon,65.8,19.8,54.5,1,11.0,2.38,74.2,379,44.8,Standard,Reverse,11,13,89,45.0,6,Unfastened,4.01,Material_Pile,0,5.6,Warning,0,0,Clear,84.1,37.0,30.8,Dry,Gentle_Slope,Zone C,Daylight,TSK-013091,Excavation,3,899.7,899.7,259.5,0.634,179.9,256.5,104.2,51.7,MEDIUM,1,0.999,Unusual_Speed,91.0,No_Incident,8.64
R032116,2026-05-30 08:11,EXCESSIVE_IDLE,EXC-203,Excavator,Large Excavator (30t class),13596.3,8.85,83.0,66.1,0.0,10.02,56.1,61.1,OP1058,Experienced,7.2,Morning,86.4,23.8,90.9,1,82.6,2.5,78.0,87,50.3,Eco,Swinging,0,1,8,81.6,0,Fastened,13.53,Material_Pile,0,2.0,Clear,0,0,Clear,96.0,34.3,6.6,Dry,Flat,Zone C,Daylight,TSK-032116,Trenching,3,216.8,216.8,65.8,0.861,56.4,110.0,18.8,5.8,LOW,1,0.9998,Excessive_Idle,15.8,No_Incident,11.52
R001287,2026-05-30 10:18,STEEP_TERRAIN,EXC-203,Excavator,Large Excavator (30t class),13700.3,8.85,87.5,70.9,0.08,22.23,53.2,77.7,OP1055,Experienced,8.6,Morning,71.5,27.1,74.4,3,73.5,2.5,78.7,287,38.3,Standard,Swinging,9,2,12,87.1,4,Fastened,4.53,Worker,0,19.5,Warning,1,1,Hot,95.1,38.0,43.4,Dry,Stockpile,Zone A,Daylight,TSK-001287,Loading,2,716.0,716.0,147.6,0.904,136.0,210.7,76.2,58.3,HIGH,0,0.2185,Normal,22.8,Stability_Loss,9.4
R026725,2026-05-31 14:12,NORMAL_OPERATION,EXC-207,Excavator,Large Excavator (30t class),8045.1,5.25,83.4,66.1,0.0,22.32,79.0,73.9,OP1008,Experienced,6.8,Afternoon,69.6,26.6,80.7,0,63.2,2.35,73.9,219,21.6,Power,Swinging,7,2,10,85.0,0,Fastened,8.17,Vehicle,0,8.2,Clear,0,0,Clear,73.6,37.7,21.3,Dry,Embankment,Zone A,Dawn_Dusk,TSK-026725,Excavation,1,512.5,512.5,126.5,0.055,102.5,104.3,38.3,11.6,LOW,0,0.2736,Normal,97.3,No_Incident,13.39
R019106,2026-06-01 00:29,EXCESSIVE_IDLE,EXC-219,Excavator,Large Excavator (30t class),3133.5,2.35,80.8,55.3,2.69,10.89,91.2,53.1,OP1015,Expert,20.4,Night,75.9,37.1,86.1,3,84.5,2.02,65.7,341,88.1,Standard,Reverse,2,0,21,79.2,1,Fastened,9.3,Worker,0,1.0,Clear,0,0,Cloudy,81.6,30.9,14.5,Dry,Flat,Zone B,Night_Floodlit,TSK-019106,Loading,1,688.3,688.3,146.3,0.505,130.8,183.6,33.6,9.9,LOW,1,0.9307,Excessive_Idle,88.5,No_Incident,20.49
R017464,2026-06-01 07:20,EXCESSIVE_IDLE,EXC-223,Excavator,Large Excavator (30t class),9402.8,7.25,81.4,59.6,2.07,10.46,77.4,60.2,OP1109,Experienced,8.0,Morning,77.0,18.5,86.0,1,63.0,2.14,66.7,326,149.1,Eco,Forward,6,6,18,82.6,6,Fastened,6.79,Worker,0,7.8,Clear,0,0,Light_Rain,82.2,26.5,13.8,Wet,Gentle_Slope,Zone E,Daylight,TSK-017464,Excavation,2,696.8,696.8,156.5,0.097,139.4,355.7,65.3,18.7,LOW,1,1.0,Excessive_Idle,311.3,No_Incident,10.67
R003190,2026-06-02 11:16,NORMAL_OPERATION,WHL-315,Wheel Loader,Medium Wheel Loader,9854.6,7.15,80.4,61.2,6.45,12.66,74.8,72.6,OP1054,Expert,13.9,Morning,77.6,21.2,84.0,4,64.6,3.27,76.7,122,23.0,Standard,Forward,0,0,8,83.6,1,Fastened,17.84,No_Object,0,5.4,Clear,0,0,Clear,88.8,28.4,35.9,Dry,Gentle_Slope,Zone F,Daylight,TSK-003190,Stockpiling,3,396.3,396.3,115.7,0.621,89.2,108.4,23.0,32.6,MEDIUM,0,0.1671,Normal,43.7,No_Incident,17.22
R020547,2026-06-02 18:39,NORMAL_OPERATION,EXC-206,Excavator,Large Excavator (30t class),11996.3,10.05,82.1,62.0,2.18,17.65,65.6,62.6,OP1077,Experienced,7.3,Afternoon,80.4,14.4,81.4,0,76.5,2.21,71.8,234,16.8,Standard,Reverse,2,2,8,89.1,2,Fastened,10.29,Structure,0,5.8,Clear,1,0,Light_Rain,61.8,31.1,3.3,Wet,Gentle_Slope,Zone A,Dawn_Dusk,TSK-020547,Backfilling,4,515.1,515.1,113.2,0.878,87.6,135.3,39.2,15.8,LOW,0,0.1211,Normal,17.6,No_Incident,13.15
R026218,2026-06-02 19:24,LOW_VISIBILITY,EXC-211,Excavator,Medium Excavator (20t class),3907.1,3.05,81.2,62.1,1.66,13.63,83.9,67.3,OP1025,Expert,17.0,Afternoon,89.0,15.0,84.8,2,72.4,1.7,83.6,412,23.2,Standard,Reverse,5,0,7,77.4,1,Fastened,7.17,Worker,0,8.9,Clear,0,0,Dust_Wind,13.7,32.9,77.9,Dry,Trench_Edge,Zone C,Daylight,TSK-026218,Backfilling,3,699.3,699.3,165.4,0.055,158.5,186.3,42.8,32.4,MEDIUM,0,0.0991,Normal,177.6,No_Incident,16.36
R020464,2026-06-03 00:10,STEEP_TERRAIN,EXC-210,Excavator,Medium Excavator (20t class),3499.7,2.35,81.8,60.3,1.53,14.58,80.6,77.1,OP1035,Experienced,6.7,Night,86.6,24.2,90.7,1,83.1,1.43,75.4,194,25.9,Standard,Reverse,0,2,12,98.6,0,Fastened,20.0,No_Object,0,17.2,Clear,0,1,Cloudy,48.2,22.5,18.1,Loose,Gentle_Slope,Zone A,Night_Poor,TSK-020464,Trenching,3,277.2,277.2,98.8,0.858,96.1,148.9,36.7,43.7,MEDIUM,0,0.0526,Normal,23.2,Stability_Loss,7.56
R036808,2026-06-03 01:12,MULTIPLE_SIMULTANEOUS_RISKS,EXC-210,Excavator,Medium Excavator (20t class),3467.9,2.35,78.4,58.4,2.99,14.8,82.5,76.8,OP1109,Experienced,8.0,Night,77.0,18.5,86.5,1,63.0,2.06,106.0,506,50.4,Standard,Forward,7,5,142,64.5,9,Fastened,4.42,Material_Pile,0,3.7,Warning,1,1,Heavy_Rain,27.2,20.4,20.9,Wet,Flat,Zone A,Night_Floodlit,TSK-036808,Excavation,2,1038.9,1038.9,322.0,0.221,277.0,343.7,81.6,50.3,MEDIUM,1,0.9688,Unusual_Speed,282.9,Obstacle_Contact,12.73
R028116,2026-06-03 08:58,EXCESSIVE_IDLE,WHL-308,Wheel Loader,Large Wheel Loader,6891.1,5.46,79.5,54.4,6.41,15.95,82.5,48.2,OP1071,Intermediate,2.1,Morning,71.5,11.3,62.5,0,31.3,4.82,70.5,141,21.3,Eco,Reverse,1,3,24,60.1,0,Fastened,5.99,Material_Pile,0,2.5,Warning,0,0,Cloudy,92.6,31.3,58.7,Dry,Haul_Road,Zone F,Daylight,TSK-028116,Material_Transfer,2,678.6,678.6,154.9,0.388,130.8,145.0,40.2,14.1,LOW,1,0.8202,Excessive_Idle,88.4,No_Incident,16.86
R014961,2026-06-03 09:26,HIGH_FUEL_CONSUMPTION,EXC-221,Excavator,Large Excavator (30t class),13497.6,8.46,84.4,61.6,2.51,29.15,74.8,75.3,OP1102,Intermediate,2.8,Morning,55.9,19.6,57.2,0,32.5,2.18,70.9,197,26.8,Power,Reverse,4,7,16,66.8,2,Fastened,10.58,Structure,0,0.6,Clear,0,0,Cloudy,84.6,28.4,16.5,Dry,Flat,Zone A,Daylight,TSK-014961,Excavation,4,426.8,426.8,110.5,0.575,85.4,152.6,73.2,14.0,LOW,1,0.9771,Abnormal_Fuel,66.5,No_Incident,5.83
R020446,2026-06-03 10:13,MACHINE_OVERHEATING,WHL-309,Wheel Loader,Medium Wheel Loader,13599.9,10.56,99.8,93.6,3.4,12.39,50.2,62.7,OP1014,Experienced,5.2,Morning,73.9,28.4,78.6,1,66.1,3.7,82.1,221,39.6,Standard,Reverse,3,3,12,86.7,1,Fastened,13.27,Worker,0,6.5,Clear,0,0,Cloudy,92.4,32.8,26.0,Loose,Stockpile,Zone D,Daylight,TSK-020446,Material_Transfer,1,814.8,814.8,253.1,0.76,211.0,208.8,43.4,37.9,MEDIUM,0,0.025,Normal,53.2,No_Incident,18.78
R023714,2026-06-03 18:46,PROXIMITY_HAZARD,EXC-210,Excavator,Medium Excavator (20t class),3574.8,2.36,82.0,57.9,2.38,14.57,84.1,66.8,OP1027,Expert,24.2,Afternoon,85.9,18.4,99.8,5,86.2,1.5,74.4,293,24.5,Standard,Reverse,0,2,13,88.6,5,Fastened,1.52,Worker,1,7.4,Violated,1,1,Light_Rain,76.1,31.4,2.4,Dry,Trench_Edge,Zone C,Daylight,TSK-023714,Trenching,3,438.8,438.8,153.3,0.85,152.1,147.9,35.6,90.2,CRITICAL,0,0.2346,Normal,22.2,Proximity_Near_Miss,12.32
R015435,2026-06-04 06:45,EXCESSIVE_IDLE,WHL-301,Wheel Loader,Large Wheel Loader,12355.4,8.06,88.0,64.7,5.83,22.5,55.6,65.9,OP1118,Novice,1.4,Morning,62.5,15.3,65.1,0,38.0,4.82,75.2,211,121.6,Power,Forward,3,3,42,73.4,8,Fastened,15.97,No_Object,0,4.6,Clear,0,0,Light_Rain,72.7,33.1,31.9,Wet,Haul_Road,Zone F,Daylight,TSK-015435,Material_Transfer,4,1013.5,1013.5,239.3,0.384,195.4,437.8,161.9,35.6,MEDIUM,1,0.9993,Excessive_Idle,248.8,No_Incident,6.26
R030768,2026-06-04 08:13,NORMAL_OPERATION,EXC-203,Excavator,Large Excavator (30t class),13736.5,8.86,85.3,66.0,2.63,16.75,53.8,68.4,OP1058,Experienced,7.2,Morning,86.4,23.8,90.4,1,82.6,2.39,73.1,91,13.4,Standard,Forward,0,0,3,91.4,1,Fastened,5.28,Worker,0,0.4,Warning,0,0,Cloudy,86.7,29.5,22.8,Dry,Flat,Zone A,Daylight,TSK-030768,Trenching,4,216.1,216.1,69.8,0.224,56.2,77.7,21.8,21.5,LOW,0,0.1123,Normal,58.1,No_Incident,9.92
R028577,2026-06-04 10:42,STEEP_TERRAIN,EXC-213,Excavator,Large Excavator (30t class),13342.6,9.76,83.7,62.6,1.08,24.44,61.4,84.5,OP1032,Intermediate,4.4,Morning,67.2,29.8,70.0,1,45.1,2.12,63.6,303,83.5,Standard,Reverse,3,3,17,69.1,4,Fastened,18.88,No_Object,0,25.2,Clear,0,0,Fog,43.3,20.3,38.4,Loose,Stockpile,Zone D,Daylight,TSK-028577,Excavation,2,641.2,641.2,168.6,0.438,128.2,329.9,134.2,75.3,CRITICAL,0,0.1172,Normal,194.9,No_Incident,4.78
R033187,2026-06-04 18:29,POOR_WEATHER,EXC-206,Excavator,Large Excavator (30t class),11857.3,10.06,81.5,64.6,1.77,17.69,65.6,70.4,OP1077,Experienced,7.3,Afternoon,80.4,14.4,81.8,0,76.5,1.88,58.7,119,19.0,Standard,Forward,1,3,12,86.6,0,Fastened,6.93,Vehicle,0,9.2,Clear,0,0,Heavy_Rain,53.7,24.9,3.9,Muddy,Embankment,Zone A,Daylight,TSK-033187,Trenching,2,251.3,223.2,63.5,0.726,65.3,145.7,41.6,29.8,LOW,0,0.1416,Normal,41.1,No_Incident,5.36
R026472,2026-06-04 23:35,POOR_WEATHER,EXC-218,Excavator,Medium Excavator (20t class),8645.9,7.26,79.0,57.7,1.93,11.28,69.6,52.5,OP1023,Intermediate,2.4,Night,70.1,14.9,65.5,0,41.4,1.16,59.7,307,17.2,Standard,Reverse,1,1,19,76.8,1,Fastened,6.1,Worker,0,1.5,Clear,0,0,Light_Rain,49.6,19.8,0.8,Wet,Flat,Zone A,Night_Floodlit,TSK-026472,Backfilling,3,354.5,354.5,89.4,0.053,80.3,158.8,30.6,38.7,MEDIUM,0,0.0301,Normal,148.8,No_Incident,11.59
R002061,2026-06-05 14:54,POOR_WEATHER,EXC-210,Excavator,Medium Excavator (20t class),3525.3,2.36,79.2,63.2,0.31,13.34,82.7,68.5,OP1034,Experienced,5.7,Afternoon,83.1,14.6,75.4,0,60.2,1.55,79.3,181,11.7,Standard,Swinging,1,1,15,82.6,1,Fastened,17.4,Worker,0,7.9,Clear,0,0,Heavy_Rain,52.1,29.1,19.1,Muddy,Gentle_Slope,Zone A,Daylight,TSK-002061,Backfilling,3,279.7,279.7,79.2,0.138,63.4,101.5,23.5,23.3,LOW,0,0.0247,Normal,83.3,No_Incident,11.89
R024856,2026-06-06 00:04,STEEP_TERRAIN,EXC-210,Excavator,Medium Excavator (20t class),3643.7,2.36,82.5,59.6,0.46,17.63,81.9,82.8,OP1027,Expert,24.2,Night,85.9,18.4,98.4,5,86.2,1.4,70.4,392,44.4,Standard,Swinging,2,3,10,84.2,6,Fastened,9.39,Worker,0,28.4,Clear,0,0,Fog,30.8,21.4,17.7,Dry,Embankment,Zone A,Night_Floodlit,TSK-024856,Excavation,3,549.1,549.1,151.8,0.074,146.4,255.9,81.4,75.6,CRITICAL,0,0.231,Normal,237.8,No_Incident,6.74
R030964,2026-06-06 10:29,HIGH_LOAD_OPERATION,EXC-218,Excavator,Medium Excavator (20t class),8775.4,7.27,82.0,63.9,0.16,16.94,65.8,75.0,OP1096,Intermediate,2.5,Morning,76.6,12.8,62.7,3,49.0,1.88,94.8,266,9.7,Power,Swinging,3,1,7,73.3,1,Fastened,7.27,Material_Pile,0,2.9,Clear,0,0,Light_Rain,75.4,26.4,10.4,Wet,Flat,Zone B,Daylight,TSK-030964,Loading,2,500.2,500.2,156.6,0.281,126.7,108.1,31.3,41.2,MEDIUM,0,0.0418,Normal,81.1,No_Incident,15.99
R024427,2026-06-06 15:40,MULTIPLE_SIMULTANEOUS_RISKS,WHL-314,Wheel Loader,Medium Wheel Loader,12614.2,8.37,83.2,63.0,5.05,13.24,68.2,70.0,OP1038,Intermediate,2.7,Afternoon,72.9,18.2,86.5,0,50.0,3.39,77.1,300,65.8,Standard,Forward,7,6,38,75.0,2,Fastened,10.21,Material_Pile,0,15.6,Clear,0,0,Dust_Wind,34.5,32.0,68.1,Dry,Embankment,Zone E,Dawn_Dusk,TSK-024427,Material_Transfer,2,1014.4,1014.4,304.2,0.714,262.7,387.5,84.9,41.8,MEDIUM,0,0.2433,Normal,104.8,No_Incident,11.94
R031018,2026-06-06 23:32,NORMAL_OPERATION,EXC-207,Excavator,Large Excavator (30t class),8088.6,5.27,82.7,59.9,0.04,22.38,81.1,80.6,OP1060,Expert,14.1,Night,82.7,23.0,84.5,2,67.7,2.72,83.0,177,30.3,Power,Stationary,1,0,7,82.4,2,Fastened,20.0,Vehicle,0,10.5,Clear,0,0,Light_Rain,46.0,22.8,17.0,Wet,Embankment,Zone A,Night_Floodlit,TSK-031018,Excavation,3,480.8,480.8,106.0,0.809,96.2,119.2,44.8,35.3,MEDIUM,0,0.1377,Normal,21.0,No_Incident,10.72
R033791,2026-06-07 06:31,PROXIMITY_HAZARD,EXC-221,Excavator,Large Excavator (30t class),13532.9,8.47,78.4,60.8,1.88,13.61,69.3,42.7,OP1029,Expert,13.9,Morning,71.9,20.2,78.5,1,68.1,1.82,57.9,177,16.8,Standard,Forward,0,2,4,80.9,1,Fastened,2.56,Worker,0,1.6,Violated,0,0,Clear,100.0,28.4,12.7,Dry,Flat,Zone D,Daylight,TSK-033791,Loading,2,321.6,321.6,63.2,0.473,61.1,98.9,22.5,31.3,MEDIUM,0,0.0534,Normal,47.5,No_Incident,14.27
R025197,2026-06-07 07:04,NORMAL_OPERATION,WHL-316,Wheel Loader,Large Wheel Loader,14254.2,9.77,78.4,50.8,7.29,12.78,64.5,39.6,OP1113,Intermediate,4.5,Morning,76.9,21.0,73.0,0,51.1,2.97,42.1,211,33.3,Eco,Forward,1,2,9,72.0,4,Fastened,17.0,Structure,0,1.1,Clear,0,0,Clear,93.1,24.4,14.9,Dry,Flat,Zone B,Daylight,TSK-025197,Loading,2,623.8,623.8,122.3,0.184,99.3,202.3,41.9,15.8,LOW,0,0.2372,Normal,167.3,No_Incident,14.89
R008664,2026-06-07 15:33,NORMAL_OPERATION,EXC-206,Excavator,Large Excavator (30t class),12020.1,10.07,85.5,69.0,0.0,25.88,66.9,95.4,OP1057,Intermediate,3.8,Afternoon,79.6,14.3,65.1,1,61.1,2.77,85.0,121,9.3,Power,Swinging,2,0,9,76.3,0,Fastened,16.49,No_Object,0,12.9,Clear,0,0,Heavy_Rain,41.3,27.2,18.3,Wet,Embankment,Zone E,Daylight,TSK-008664,Excavation,2,335.2,335.2,62.2,0.851,67.0,90.8,40.2,31.8,MEDIUM,0,0.0456,Normal,14.8,No_Incident,8.34
R016691,2026-06-08 19:18,EFFICIENT_OPERATION,WHL-307,Wheel Loader,Large Wheel Loader,4686.5,3.27,81.6,61.1,6.77,13.72,81.0,58.2,OP1039,Intermediate,4.5,Afternoon,69.9,24.8,73.6,1,51.8,5.01,73.8,81,17.8,Eco,Reverse,1,3,6,76.6,3,Fastened,7.57,Material_Pile,0,1.1,Clear,0,0,Clear,76.7,36.5,44.7,Rocky,Haul_Road,Zone F,Dawn_Dusk,TSK-016691,Stockpiling,5,475.5,403.8,95.6,0.751,79.7,143.9,32.0,19.4,LOW,0,0.0691,Normal,33.2,No_Incident,12.62
R010649,2026-06-09 07:27,EFFICIENT_OPERATION,WHL-308,Wheel Loader,Large Wheel Loader,6923.1,5.47,81.2,59.1,6.53,17.79,84.5,64.7,OP1064,Experienced,8.2,Morning,73.8,22.8,65.0,5,51.5,6.92,94.0,138,17.7,Standard,Forward,3,2,13,80.8,0,Fastened,7.64,Worker,0,5.4,Clear,0,0,Clear,93.2,27.7,44.7,Rocky,Haul_Road,Zone B,Daylight,TSK-010649,Loading,2,952.7,952.7,206.9,0.104,151.7,146.5,44.7,23.2,LOW,0,0.012,Normal,128.5,No_Incident,21.32
R011522,2026-06-10 01:15,EFFICIENT_OPERATION,WHL-307,Wheel Loader,Large Wheel Loader,4724.8,3.27,82.1,63.3,7.16,16.56,82.2,70.2,OP1082,Experienced,5.9,Night,79.8,42.4,75.2,1,72.2,6.25,87.2,64,12.4,Standard,Forward,1,0,6,80.2,0,Fastened,15.27,No_Object,0,7.3,Clear,0,0,Clear,79.2,30.2,43.0,Loose,Stockpile,Zone D,Night_Floodlit,TSK-011522,Stockpiling,1,395.1,395.1,92.6,0.164,66.2,63.9,17.1,37.8,MEDIUM,0,0.2392,Normal,50.8,No_Incident,23.06
R010883,2026-06-11 06:25,NORMAL_OPERATION,WHL-304,Wheel Loader,Medium Wheel Loader,5689.8,4.28,82.0,58.8,6.87,11.48,81.4,57.9,OP1022,Expert,17.7,Morning,81.5,16.0,98.2,2,78.0,3.4,77.9,377,35.2,Eco,Forward,7,4,25,84.6,3,Unfastened,14.79,No_Object,0,3.9,Clear,0,0,Cloudy,80.5,30.6,21.1,Dry,Haul_Road,Zone F,Daylight,TSK-010883,Material_Transfer,2,1281.2,1281.2,300.1,0.705,331.8,295.0,54.4,25.4,LOW,0,0.1752,Normal,82.7,No_Incident,23.55
R023672,2026-06-11 15:08,UNSAFE_OPERATION,EXC-216,Excavator,Medium Excavator (20t class),14253.9,9.78,87.9,65.4,4.09,16.94,56.0,64.7,OP1092,Novice,0.6,Afternoon,67.1,21.2,63.7,0,43.2,1.21,60.9,490,46.1,Power,Forward,3,7,66,68.0,8,Fastened,1.84,Worker,0,8.5,Violated,0,1,Light_Rain,79.5,35.9,16.5,Wet,Flat,Zone D,Daylight,TSK-023672,Loading,2,590.2,590.2,176.5,0.597,149.5,255.6,70.9,81.8,CRITICAL,1,0.9958,Unusual_Speed,97.5,Stability_Loss,8.33
R034495,2026-06-12 08:13,POOR_WEATHER,EXC-224,Excavator,Large Excavator (30t class),15459.7,9.58,83.8,62.0,0.69,21.39,53.5,60.6,OP1095,Novice,1.6,Morning,68.7,16.3,61.5,1,36.4,2.21,68.8,217,26.7,Standard,Swinging,1,2,16,65.3,1,Fastened,6.42,Vehicle,0,1.8,Clear,0,0,Dust_Wind,49.3,29.9,72.2,Dry,Flat,Zone B,Daylight,TSK-034495,Loading,3,479.4,479.4,105.5,0.723,91.1,175.0,61.4,26.8,LOW,0,0.1094,Normal,43.1,No_Incident,7.8
R033891,2026-06-12 17:06,UNSAFE_OPERATION,EXC-223,Excavator,Large Excavator (30t class),9433.7,7.28,83.8,58.4,3.32,17.9,77.5,71.7,OP1020,Novice,0.5,Afternoon,69.3,32.5,69.6,0,41.7,2.5,76.8,359,85.0,Standard,Reverse,10,8,98,64.2,8,Fastened,2.78,Vehicle,1,11.8,Violated,0,1,Heavy_Rain,54.1,28.9,0.0,Muddy,Gentle_Slope,Zone A,Daylight,TSK-033891,Excavation,3,894.3,894.3,215.1,0.945,178.9,383.6,115.2,94.6,CRITICAL,1,0.9434,Unusual_Speed,19.3,Stability_Loss,7.77
R018617,2026-06-12 17:20,NORMAL_OPERATION,EXC-205,Excavator,Medium Excavator (20t class),12065.0,10.38,86.2,65.1,1.64,12.29,69.0,64.9,OP1019,Intermediate,2.7,Afternoon,76.9,18.9,68.1,1,50.5,1.33,67.7,232,37.4,Eco,Forward,3,6,15,67.6,3,Unfastened,7.87,Worker,0,7.6,Clear,0,0,Dust_Wind,47.8,39.3,77.0,Dry,Trench_Edge,Zone C,Daylight,TSK-018617,Trenching,4,309.6,309.6,122.9,0.475,107.3,216.2,43.7,21.5,LOW,0,0.2557,Normal,114.0,No_Incident,7.08
R018733,2026-06-13 07:14,NORMAL_OPERATION,EXC-216,Excavator,Medium Excavator (20t class),14183.9,9.78,85.8,60.2,2.1,10.8,57.7,55.9,OP1018,Experienced,6.1,Morning,70.6,21.9,68.3,1,62.4,1.5,76.8,676,56.5,Eco,Reverse,0,1,18,88.7,2,Fastened,6.0,Worker,0,8.0,Clear,0,0,Cloudy,82.9,29.0,37.3,Dry,Stockpile,Zone D,Daylight,TSK-018733,Loading,3,1013.7,1013.7,288.3,0.833,256.8,311.9,55.5,20.8,LOW,0,0.0244,Normal,58.4,No_Incident,18.27
R020958,2026-06-13 07:32,NORMAL_OPERATION,EXC-201,Excavator,Large Excavator (30t class),8642.1,5.78,82.5,61.3,0.22,18.84,75.6,67.9,OP1051,Intermediate,4.1,Morning,68.4,11.0,76.0,2,62.1,2.4,79.8,130,6.1,Standard,Swinging,0,0,4,85.1,1,Unfastened,15.56,No_Object,0,3.4,Clear,0,0,Clear,91.8,29.2,32.8,Dry,Flat,Zone A,Daylight,TSK-020958,Excavation,1,311.2,311.2,68.9,0.493,62.2,51.4,16.2,15.5,LOW,0,0.1518,Normal,23.4,No_Incident,19.21
R018415,2026-06-13 10:57,MULTIPLE_SIMULTANEOUS_RISKS,EXC-220,Excavator,Large Excavator (30t class),3626.1,2.08,79.9,58.0,3.22,22.99,89.7,75.5,OP1115,Intermediate,3.0,Morning,71.6,16.6,53.5,1,45.2,2.66,83.0,165,16.1,Standard,Reverse,6,3,16,60.6,2,Unfastened,1.03,Vehicle,1,11.8,Violated,0,1,Fog,41.9,23.9,30.9,Dry,Gentle_Slope,Zone E,Daylight,TSK-018415,Backfilling,3,437.1,437.1,96.9,0.901,74.3,96.1,37.1,99.4,CRITICAL,1,0.907,Repeated_Harsh_Events,8.7,Vehicle_Interaction,11.78
R028991,2026-06-13 15:22,NORMAL_OPERATION,WHL-312,Wheel Loader,Medium Wheel Loader,6515.5,3.98,82.8,63.4,8.32,10.92,79.7,62.6,OP1004,Intermediate,2.4,Afternoon,64.1,49.2,61.5,1,36.4,3.69,81.2,209,86.4,Standard,Forward,3,4,15,76.0,4,Fastened,9.86,Structure,0,0.0,Clear,0,0,Clear,100.0,36.0,13.5,Dry,Flat,Zone D,Daylight,TSK-028991,Material_Transfer,2,768.2,768.2,356.6,0.319,198.9,248.6,44.6,12.4,LOW,0,0.3116,Normal,167.0,No_Incident,17.21
R009704,2026-06-13 15:38,STEEP_TERRAIN,EXC-214,Excavator,Large Excavator (30t class),11190.6,8.38,87.9,70.1,0.02,19.48,68.2,83.2,OP1041,Intermediate,2.6,Afternoon,74.5,19.2,65.4,2,41.5,2.17,69.9,176,23.9,Standard,Swinging,0,2,20,79.1,2,Fastened,16.59,No_Object,0,27.0,Clear,0,0,Cloudy,78.1,35.2,23.2,Dry,Gentle_Slope,Zone A,Daylight,TSK-009704,Loading,3,379.7,379.7,101.7,0.904,72.2,131.4,44.3,55.9,HIGH,0,0.0921,Normal,12.6,No_Incident,8.58
R039339,2026-06-13 17:04,MACHINE_OVERHEATING,EXC-215,Excavator,Medium Excavator (20t class),11622.0,8.88,109.0,97.3,0.46,13.76,50.0,79.4,OP1041,Intermediate,2.6,Afternoon,74.5,19.2,63.9,2,41.5,1.47,69.7,229,20.8,Standard,Swinging,0,0,7,73.5,3,Fastened,3.82,Worker,0,8.3,Warning,0,0,Clear,93.3,38.7,28.2,Dry,Gentle_Slope,Zone A,Daylight,TSK-039339,Excavation,3,334.8,334.8,112.6,0.334,89.3,127.7,29.2,33.7,MEDIUM,0,0.077,Normal,81.3,No_Incident,11.47
R009399,2026-06-15 00:22,LOW_VISIBILITY,WHL-307,Wheel Loader,Large Wheel Loader,4747.5,3.29,81.1,56.3,6.14,15.58,84.9,70.8,OP1082,Experienced,5.9,Night,79.8,42.4,75.6,1,72.2,5.82,83.7,60,22.7,Standard,Reverse,0,0,11,72.2,1,Fastened,9.26,Structure,0,8.0,Clear,0,0,Cloudy,40.7,23.0,30.3,Dry,Stockpile,Zone D,Night_Poor,TSK-009399,Loading,3,344.7,344.7,88.3,0.085,54.9,73.7,20.2,41.2,MEDIUM,0,0.0737,Normal,67.9,No_Incident,17.1
R006101,2026-06-15 09:28,PROXIMITY_HAZARD,EXC-215,Excavator,Medium Excavator (20t class),11519.0,8.89,83.4,63.1,2.77,11.88,68.0,73.8,OP1010,Experienced,7.0,Morning,71.3,28.9,80.1,1,68.2,1.26,61.6,253,31.6,Standard,Reverse,2,3,13,79.2,2,Fastened,1.7,Vehicle,1,15.5,Violated,1,1,Clear,96.1,26.7,19.4,Dry,Embankment,Zone A,Daylight,TSK-006101,Excavation,2,319.2,319.2,93.6,0.374,85.1,130.5,25.5,94.2,CRITICAL,1,0.9591,Unusual_Speed,80.2,Vehicle_Interaction,12.53
R028741,2026-06-15 15:40,EXCESSIVE_IDLE,EXC-206,Excavator,Large Excavator (30t class),12024.9,10.09,86.8,66.5,0.32,18.54,66.4,75.6,OP1057,Intermediate,3.8,Afternoon,79.6,14.3,64.8,1,61.1,2.52,78.7,235,24.4,Standard,Swinging,1,2,5,75.8,0,Fastened,16.6,No_Object,0,11.0,Clear,0,0,Clear,88.3,33.2,21.6,Dry,Embankment,Zone E,Daylight,TSK-028741,Backfilling,2,591.1,591.1,105.9,0.933,100.5,119.3,37.7,31.3,MEDIUM,1,0.9317,Excessive_Idle,7.0,No_Incident,15.69
R030614,2026-06-16 00:16,PROXIMITY_HAZARD,EXC-210,Excavator,Medium Excavator (20t class),3657.5,2.39,82.0,56.4,2.46,16.16,81.9,66.8,OP1027,Expert,24.2,Night,85.9,18.4,100.0,5,86.2,1.21,57.4,435,30.3,Standard,Reverse,2,3,11,85.2,3,Fastened,2.87,Worker,0,3.7,Violated,0,0,Clear,62.8,23.6,24.5,Dry,Gentle_Slope,Zone A,Night_Floodlit,TSK-030614,Excavation,3,524.5,524.5,141.4,0.687,139.9,181.0,47.2,40.1,MEDIUM,0,0.0928,Normal,63.3,No_Incident,11.12
R005423,2026-06-16 02:16,NORMAL_OPERATION,EXC-217,Excavator,Medium Excavator (20t class),8270.5,6.09,82.6,61.4,0.08,13.39,64.2,70.2,OP1116,Intermediate,2.3,Night,81.6,12.7,72.7,0,51.2,1.17,59.6,335,23.3,Standard,Swinging,6,0,24,77.3,3,Fastened,18.01,No_Object,0,7.7,Clear,0,0,Light_Rain,62.1,25.6,16.4,Wet,Gentle_Slope,Zone A,Night_Floodlit,TSK-005423,Excavation,4,391.8,391.8,127.6,0.7,104.5,227.8,50.3,19.4,LOW,0,0.0392,Normal,61.0,No_Incident,7.79
R034503,2026-06-16 08:54,LOW_VISIBILITY,EXC-219,Excavator,Large Excavator (30t class),3286.8,2.39,79.3,58.1,1.75,20.05,88.0,68.3,OP1046,Novice,1.9,Morning,71.3,15.7,65.7,2,46.4,2.73,84.0,70,7.6,Standard,Forward,1,0,4,66.0,0,Fastened,9.94,Worker,0,4.9,Clear,0,0,Cloudy,28.0,26.1,34.1,Loose,Trench_Edge,Zone C,Night_Poor,TSK-034503,Trenching,4,190.0,190.0,64.8,0.308,49.4,75.0,24.8,39.2,MEDIUM,0,0.1344,Normal,47.7,No_Incident,7.67
R021399,2026-06-16 09:03,EXCESSIVE_IDLE,WHL-309,Wheel Loader,Medium Wheel Loader,13806.5,10.59,82.6,61.8,5.67,11.75,66.5,64.1,OP1071,Intermediate,2.1,Morning,71.5,11.3,62.5,0,31.3,3.87,86.3,200,33.4,Standard,Reverse,4,1,19,61.4,0,Fastened,5.1,Structure,0,1.0,Warning,0,0,Cloudy,85.1,29.8,20.4,Dry,Flat,Zone B,Daylight,TSK-021399,Loading,1,771.7,771.7,200.1,0.093,165.1,146.3,29.0,17.5,LOW,1,0.9999,Excessive_Idle,134.6,No_Incident,26.64
R016051,2026-06-16 22:57,PROXIMITY_HAZARD,EXC-208,Excavator,Large Excavator (30t class),5826.3,4.09,83.6,60.8,2.29,15.99,76.3,67.8,OP1073,Experienced,6.0,Night,68.6,26.7,74.1,2,49.4,2.57,80.7,167,43.8,Eco,Forward,4,2,12,86.0,8,Fastened,0.93,Vehicle,1,2.0,Violated,1,1,Dust_Wind,34.6,27.6,53.7,Dry,Flat,Zone C,Night_Floodlit,TSK-016051,Trenching,4,427.0,427.0,117.3,0.521,111.0,191.0,50.9,94.6,CRITICAL,0,0.4675,Normal,94.2,Vehicle_Interaction,8.39
R015216,2026-06-17 08:43,HIGH_FUEL_CONSUMPTION,EXC-208,Excavator,Large Excavator (30t class),5911.3,4.1,80.7,58.7,2.49,27.29,80.4,69.5,OP1110,Experienced,5.6,Morning,67.3,36.6,68.9,2,62.7,2.06,64.4,126,27.7,Power,Reverse,1,0,10,80.6,1,Fastened,13.78,Structure,0,1.5,Clear,0,0,Cloudy,74.5,28.6,33.5,Dry,Flat,Zone A,Daylight,TSK-015216,Trenching,3,259.5,259.5,100.4,0.69,67.5,98.4,43.7,7.2,LOW,1,0.9997,Abnormal_Fuel,30.0,No_Incident,5.93
R011321,2026-06-17 08:56,MACHINE_OVERHEATING,EXC-208,Excavator,Large Excavator (30t class),5940.3,4.1,105.6,88.5,0.27,17.07,52.5,68.2,OP1110,Experienced,5.6,Morning,67.3,36.6,69.4,2,62.7,2.35,72.9,291,49.4,Standard,Stationary,1,1,20,77.0,3,Fastened,7.96,Structure,0,10.6,Clear,0,0,Clear,76.2,31.8,23.8,Dry,Stockpile,Zone D,Dawn_Dusk,TSK-011321,Loading,1,681.4,681.4,193.8,0.738,129.5,160.5,46.0,30.8,MEDIUM,0,0.0925,Normal,46.6,No_Incident,14.81
R025130,2026-06-17 09:34,NORMAL_OPERATION,WHL-315,Wheel Loader,Medium Wheel Loader,9967.6,7.2,80.8,57.9,9.51,11.14,75.3,56.2,OP1048,Intermediate,3.9,Morning,77.6,17.5,66.9,1,57.6,3.13,70.1,269,36.9,Standard,Reverse,1,2,15,69.7,3,Unfastened,6.68,Structure,0,0.0,Clear,0,0,Light_Rain,72.6,30.1,7.6,Dry,Flat,Zone B,Daylight,TSK-025130,Material_Transfer,1,839.2,839.2,258.7,0.513,217.3,206.4,37.6,47.5,MEDIUM,0,0.1822,Normal,102.0,No_Incident,22.3
R029637,2026-06-18 07:28,NORMAL_OPERATION,EXC-201,Excavator,Large Excavator (30t class),8738.1,5.8,79.4,59.8,0.43,15.15,79.1,55.7,OP1065,Experienced,5.1,Morning,65.3,25.7,69.2,3,50.7,2.66,81.9,240,20.4,Standard,Swinging,1,2,9,63.8,2,Fastened,12.41,Material_Pile,0,3.3,Clear,0,0,Clear,86.7,33.4,35.4,Dry,Gentle_Slope,Zone A,Dawn_Dusk,TSK-029637,Backfilling,1,637.0,637.0,149.9,0.607,108.3,90.5,23.5,7.6,LOW,0,0.1871,Normal,38.5,No_Incident,27.09
R006161,2026-06-18 10:20,STEEP_TERRAIN,WHL-315,Wheel Loader,Medium Wheel Loader,9953.6,7.2,84.6,69.3,4.64,13.01,77.2,82.6,OP1048,Intermediate,3.9,Morning,77.6,17.5,64.8,1,57.6,3.15,75.3,246,40.5,Standard,Forward,4,6,23,75.6,5,Unfastened,11.01,Vehicle,0,24.7,Clear,0,0,Cloudy,90.7,32.3,31.3,Dry,Gentle_Slope,Zone A,Daylight,TSK-006161,Material_Transfer,2,775.7,775.7,224.7,0.726,200.9,293.2,66.1,74.4,HIGH,0,0.0615,Normal,77.9,No_Incident,11.74
R030575,2026-06-19 08:56,STEEP_TERRAIN,EXC-201,Excavator,Large Excavator (30t class),8683.9,5.8,81.9,59.7,0.0,23.39,77.9,72.2,OP1051,Intermediate,4.1,Morning,68.4,11.0,79.1,2,62.1,2.01,62.7,416,24.7,Standard,Swinging,0,1,26,77.7,4,Fastened,11.12,Worker,0,17.4,Clear,0,1,Fog,44.6,27.1,21.2,Loose,Embankment,Zone E,Daylight,TSK-030575,Loading,3,835.5,835.5,171.0,0.475,158.7,300.9,115.9,25.0,LOW,0,0.3041,Normal,148.9,Loss_of_Traction,7.21
R030580,2026-06-19 17:15,STEEP_TERRAIN,WHL-312,Wheel Loader,Medium Wheel Loader,6465.2,4.0,83.4,64.5,4.18,12.46,78.1,75.3,OP1004,Intermediate,2.4,Afternoon,64.1,49.2,59.5,1,36.4,3.32,72.6,234,114.6,Standard,Reverse,4,3,22,77.5,4,Unfastened,9.09,Structure,0,22.6,Clear,0,0,Clear,96.8,33.8,31.1,Dry,Stockpile,Zone A,Daylight,TSK-030580,Loading,2,775.0,775.0,276.1,0.937,165.8,299.5,59.3,63.3,HIGH,0,0.0513,Normal,17.2,No_Incident,13.07
R031121,2026-06-19 22:51,HIGH_LOAD_OPERATION,EXC-203,Excavator,Large Excavator (30t class),13847.1,8.9,83.4,65.8,1.08,21.2,55.1,85.5,OP1037,Experienced,5.0,Night,66.4,26.3,68.1,3,46.0,3.08,93.9,104,25.6,Standard,Swinging,2,3,13,72.6,2,Fastened,6.54,Material_Pile,0,10.2,Clear,0,0,Light_Rain,48.8,22.1,21.1,Wet,Trench_Edge,Zone C,Night_Floodlit,TSK-031121,Excavation,4,319.5,319.5,94.1,0.666,63.9,123.1,41.0,64.9,HIGH,0,0.0783,Normal,45.1,No_Incident,7.8
R026230,2026-06-20 16:01,EXCESSIVE_IDLE,EXC-222,Excavator,Medium Excavator (20t class),9291.9,6.2,86.6,67.3,2.3,12.44,76.9,72.7,OP1088,Experienced,8.5,Afternoon,76.8,29.1,65.6,0,51.6,1.41,70.0,317,122.5,Power,Reverse,2,5,20,80.5,2,Fastened,6.3,Worker,1,2.0,Clear,0,0,Cloudy,67.5,36.8,25.5,Dry,Flat,Zone C,Dawn_Dusk,TSK-026230,Trenching,4,445.5,445.5,198.9,0.724,154.4,314.1,65.7,37.8,MEDIUM,1,0.9307,Excessive_Idle,76.8,No_Incident,6.78
R008380,2026-06-20 19:10,LOW_VISIBILITY,EXC-206,Excavator,Large Excavator (30t class),12144.7,10.1,84.5,59.1,0.0,15.89,71.2,68.7,OP1057,Intermediate,3.8,Afternoon,79.6,14.3,68.0,1,61.1,2.44,72.9,58,6.0,Eco,Swinging,0,0,6,81.5,0,Fastened,7.03,Material_Pile,0,5.0,Clear,0,0,Light_Rain,26.6,29.0,15.9,Dry,Trench_Edge,Zone C,Night_Poor,TSK-008380,Trenching,3,140.7,140.7,40.7,0.309,36.6,67.5,18.9,10.9,LOW,0,0.0577,Normal,49.5,No_Incident,7.46
R008669,2026-06-21 01:41,LOW_VISIBILITY,WHL-307,Wheel Loader,Large Wheel Loader,4906.5,3.3,79.3,57.3,4.81,24.19,84.4,60.1,OP1012,Intermediate,4.1,Night,74.1,17.3,71.2,1,52.0,5.7,81.2,121,29.4,Standard,Forward,4,4,9,71.4,4,Fastened,7.23,Worker,0,0.8,Clear,0,0,Dust_Wind,20.7,27.6,68.6,Dry,Flat,Zone D,Night_Floodlit,TSK-008669,Loading,3,683.6,683.6,128.3,0.363,108.9,158.6,62.2,37.0,MEDIUM,1,0.9569,Abnormal_Fuel,93.9,No_Incident,11.0
R001301,2026-06-22 06:43,STEEP_TERRAIN,WHL-309,Wheel Loader,Medium Wheel Loader,13833.9,10.61,83.0,56.9,4.9,9.99,64.1,63.5,OP1064,Experienced,8.2,Morning,73.8,22.8,66.1,5,51.5,2.93,69.4,249,96.9,Eco,Forward,9,3,15,75.8,4,Fastened,8.84,Structure,0,15.9,Clear,0,0,Clear,88.3,26.4,18.2,Loose,Embankment,Zone E,Daylight,TSK-001301,Material_Transfer,3,729.4,729.4,261.4,0.22,188.9,400.4,68.1,69.3,HIGH,0,0.0782,Normal,324.7,No_Incident,10.7
R008486,2026-06-22 17:16,NORMAL_OPERATION,EXC-208,Excavator,Large Excavator (30t class),5913.2,4.11,78.3,56.3,2.47,17.71,74.4,51.3,OP1072,Novice,1.7,Afternoon,65.8,19.8,54.2,1,11.0,2.51,77.9,235,26.7,Eco,Reverse,2,2,9,58.5,1,Fastened,6.68,Structure,0,1.1,Clear,0,0,Light_Rain,67.2,29.7,11.7,Dry,Flat,Zone C,Daylight,TSK-008486,Backfilling,3,587.6,587.6,136.5,0.254,99.9,141.7,39.2,17.9,LOW,0,0.0308,Normal,104.2,No_Incident,14.97
R021701,2026-06-23 07:28,STEEP_TERRAIN,WHL-310,Wheel Loader,Medium Wheel Loader,5305.3,3.51,80.3,61.0,4.7,12.96,75.9,70.4,OP1047,Experienced,5.9,Morning,86.7,14.6,88.7,0,82.6,3.09,68.3,236,27.7,Standard,Forward,0,1,13,85.2,0,Fastened,7.87,Structure,0,15.0,Clear,0,0,Light_Rain,72.6,26.6,5.6,Wet,Embankment,Zone A,Daylight,TSK-021701,Material_Transfer,4,727.6,727.6,172.5,0.09,188.4,274.7,56.9,25.5,LOW,0,0.1543,Normal,244.1,No_Incident,12.78
R031755,2026-06-23 15:31,NORMAL_OPERATION,WHL-304,Wheel Loader,Medium Wheel Loader,5772.7,4.31,82.5,56.6,4.03,10.1,85.4,67.5,OP1101,Experienced,5.7,Afternoon,75.1,37.5,75.0,1,67.7,3.64,78.6,244,69.1,Eco,Forward,1,0,15,91.1,2,Fastened,8.84,Material_Pile,0,8.7,Clear,0,0,Cloudy,82.3,33.1,39.1,Dry,Stockpile,Zone D,Daylight,TSK-031755,Loading,3,885.0,885.0,196.9,0.514,189.3,229.8,37.7,21.4,LOW,0,0.0675,Normal,106.9,No_Incident,23.49
R024329,2026-06-23 18:38,POOR_WEATHER,WHL-302,Wheel Loader,Medium Wheel Loader,10925.0,7.21,86.5,60.5,5.45,11.05,69.8,56.9,OP1106,Experienced,8.4,Afternoon,67.1,19.8,74.8,5,47.3,2.82,61.0,216,43.2,Standard,Forward,4,3,32,73.5,5,Fastened,19.23,No_Object,0,4.4,Clear,0,0,Heavy_Rain,53.5,30.8,27.7,Wet,Haul_Road,Zone B,Daylight,TSK-024329,Loading,3,608.3,608.3,135.8,0.74,130.1,277.5,50.6,37.6,MEDIUM,0,0.0535,Normal,64.3,No_Incident,12.01
R000149,2026-06-23 23:35,LOW_VISIBILITY,WHL-316,Wheel Loader,Large Wheel Loader,14306.0,9.81,85.4,65.2,4.74,19.43,63.0,77.1,OP1099,Experienced,6.7,Night,68.8,33.6,77.5,1,55.9,6.11,83.2,107,47.2,Standard,Forward,2,5,24,75.4,6,Fastened,13.69,No_Object,0,10.1,Clear,0,1,Clear,47.6,25.8,35.5,Loose,Stockpile,Zone D,Night_Poor,TSK-000149,Stockpiling,2,653.5,653.5,163.3,0.537,109.5,181.5,60.2,70.5,HIGH,0,0.2546,Normal,88.2,Stability_Loss,10.85
R029821,2026-06-24 03:19,NORMAL_OPERATION,EXC-206,Excavator,Large Excavator (30t class),12104.8,10.11,84.5,64.2,1.14,23.98,65.7,72.8,OP1030,Intermediate,4.0,Night,74.8,13.6,61.7,1,45.5,2.01,64.7,195,14.8,Power,Stationary,3,2,5,75.0,2,Fastened,10.55,Structure,0,11.2,Clear,0,0,Cloudy,68.4,29.9,29.2,Loose,Embankment,Zone A,Night_Floodlit,TSK-029821,Backfilling,1,392.1,392.1,87.8,0.291,66.7,93.8,39.1,55.7,HIGH,0,0.4535,Normal,65.8,No_Incident,10.03
R013199,2026-06-24 06:50,NORMAL_OPERATION,WHL-315,Wheel Loader,Medium Wheel Loader,9973.1,7.22,84.0,60.4,4.49,9.68,74.4,62.4,OP1054,Expert,13.9,Morning,77.6,21.2,83.3,4,64.6,3.16,71.4,226,38.4,Standard,Forward,1,3,11,91.5,0,Fastened,6.41,Worker,0,4.9,Clear,0,0,Cloudy,86.7,29.9,33.8,Loose,Stockpile,Zone D,Daylight,TSK-013199,Stockpiling,2,944.4,711.2,234.7,0.216,212.7,240.1,39.7,30.0,MEDIUM,0,0.0425,Normal,194.3,No_Incident,17.92
R011946,2026-06-24 08:25,EXCESSIVE_IDLE,EXC-203,Excavator,Large Excavator (30t class),13881.2,8.92,84.2,63.1,2.28,10.69,54.5,60.1,OP1058,Experienced,7.2,Morning,86.4,23.8,92.0,1,82.6,2.16,70.0,56,42.4,Eco,Forward,0,0,11,90.2,0,Fastened,5.3,Worker,0,2.8,Warning,0,0,Light_Rain,69.0,25.7,15.9,Dry,Flat,Zone C,Daylight,TSK-011946,Trenching,5,120.4,120.4,34.3,0.526,31.3,101.6,18.5,17.4,LOW,1,0.9992,Excessive_Idle,45.2,No_Incident,6.51
R030918,2026-06-24 16:53,LOW_VISIBILITY,EXC-221,Excavator,Large Excavator (30t class),13516.4,8.52,84.1,66.8,2.55,18.39,69.5,73.2,OP1045,Experienced,8.9,Afternoon,71.9,25.4,73.6,1,56.9,2.89,89.0,271,66.9,Eco,Forward,7,6,35,80.9,1,Fastened,10.63,Worker,0,8.2,Clear,0,0,Fog,18.2,32.9,37.9,Dry,Trench_Edge,Zone C,Dawn_Dusk,TSK-030918,Excavation,5,779.6,779.6,175.6,0.492,155.9,325.9,101.7,36.5,MEDIUM,0,0.1206,Normal,157.8,No_Incident,7.67
R034073,2026-06-24 17:51,STEEP_TERRAIN,EXC-210,Excavator,Medium Excavator (20t class),3767.5,2.42,82.9,66.0,0.63,16.01,77.8,82.8,OP1061,Experienced,8.4,Afternoon,84.6,17.0,88.0,3,68.2,1.44,72.1,375,39.8,Standard,Swinging,4,6,13,74.7,3,Fastened,11.86,Vehicle,0,24.1,Clear,0,0,Heavy_Rain,55.1,28.7,14.3,Muddy,Embankment,Zone D,Daylight,TSK-034073,Excavation,1,540.3,540.3,158.5,0.436,144.1,218.3,60.1,60.2,HIGH,0,0.1175,Normal,132.9,No_Incident,8.99
R038387,2026-06-25 07:08,POOR_WEATHER,EXC-221,Excavator,Large Excavator (30t class),13690.1,8.52,80.5,58.6,2.41,17.37,66.5,59.2,OP1036,Experienced,5.4,Morning,72.4,18.2,78.3,3,69.4,2.22,72.4,142,13.1,Standard,Reverse,4,2,1,82.4,1,Fastened,18.26,No_Object,0,1.0,Clear,0,0,Dust_Wind,47.0,26.7,65.5,Dry,Flat,Zone A,Daylight,TSK-038387,Excavation,3,314.3,314.3,69.9,0.118,62.9,87.3,25.8,17.4,LOW,0,0.1184,Normal,77.7,No_Incident,12.16
R039843,2026-06-25 09:52,NORMAL_OPERATION,EXC-208,Excavator,Large Excavator (30t class),5859.9,4.12,78.1,58.7,0.07,20.41,77.6,59.3,OP1076,Experienced,6.5,Morning,75.4,15.7,90.9,2,52.3,1.95,60.7,334,28.1,Standard,Swinging,0,1,11,84.6,1,Fastened,15.16,No_Object,0,4.7,Clear,0,0,Dust_Wind,56.6,29.1,72.9,Dry,Trench_Edge,Zone C,Daylight,TSK-039843,Backfilling,4,651.2,651.2,127.9,0.432,110.7,189.5,63.8,12.1,LOW,0,0.3109,Normal,105.6,No_Incident,10.21
R032991,2026-06-26 07:09,NORMAL_OPERATION,WHL-306,Wheel Loader,Large Wheel Loader,9442.7,5.82,80.1,60.0,5.19,15.0,68.0,64.6,OP1031,Experienced,6.6,Morning,65.6,16.9,67.2,0,45.4,5.09,73.0,78,27.6,Standard,Forward,1,2,7,65.2,1,Fastened,18.41,No_Object,0,7.1,Clear,0,0,Clear,93.2,28.5,33.9,Dry,Haul_Road,Zone F,Daylight,TSK-032991,Stockpiling,3,648.8,396.2,128.3,0.339,108.7,124.3,30.2,19.0,LOW,0,0.3433,Normal,84.5,No_Incident,13.11
R021651,2026-06-27 06:36,POOR_WEATHER,WHL-310,Wheel Loader,Medium Wheel Loader,5273.2,3.52,82.5,54.5,5.6,11.89,76.6,65.5,OP1047,Experienced,5.9,Morning,86.7,14.6,88.5,0,82.6,3.41,76.6,329,33.9,Standard,Forward,2,0,36,89.8,1,Fastened,19.65,No_Object,0,4.2,Clear,0,0,Heavy_Rain,38.3,25.9,23.0,Muddy,Haul_Road,Zone B,Daylight,TSK-021651,Material_Transfer,2,1121.3,1121.3,263.0,0.383,290.4,349.1,71.4,21.5,LOW,0,0.3478,Normal,203.7,No_Incident,15.71
R009601,2026-06-27 07:43,POOR_WEATHER,WHL-301,Wheel Loader,Large Wheel Loader,12428.1,8.12,83.8,58.3,0.93,23.01,52.3,66.2,OP1079,Experienced,8.5,Morning,78.8,17.5,68.9,5,67.1,5.22,77.8,187,44.5,Standard,Stationary,3,5,29,66.2,4,Fastened,10.01,Material_Pile,0,6.8,Clear,0,0,Dust_Wind,43.2,28.1,93.6,Dry,Haul_Road,Zone F,Daylight,TSK-009601,Material_Transfer,3,975.9,975.9,202.7,0.926,188.1,305.1,111.1,35.5,MEDIUM,0,0.097,Normal,20.9,No_Incident,8.78
R021541,2026-06-27 15:03,LOW_VISIBILITY,EXC-222,Excavator,Medium Excavator (20t class),9550.3,6.22,77.3,58.8,0.07,9.82,80.8,45.9,OP1073,Experienced,6.0,Afternoon,68.6,26.7,78.2,2,49.4,1.45,72.7,447,59.8,Eco,Swinging,3,4,28,88.4,4,Fastened,8.31,Worker,0,0.4,Clear,0,0,Fog,19.9,33.0,24.8,Dry,Flat,Zone B,Daylight,TSK-021541,Loading,3,649.2,649.2,185.3,0.063,164.5,293.7,47.6,11.8,LOW,0,0.0736,Normal,274.4,No_Incident,13.64
R014694,2026-06-28 16:33,NORMAL_OPERATION,EXC-203,Excavator,Large Excavator (30t class),13946.1,8.93,86.1,68.3,0.0,21.43,56.9,73.5,OP1037,Experienced,5.0,Afternoon,66.4,26.3,68.6,3,46.0,2.67,84.6,391,62.4,Standard,Swinging,8,7,37,70.4,4,Fastened,10.71,Vehicle,0,13.2,Clear,1,1,Heavy_Rain,55.3,31.5,30.1,Wet,Stockpile,Zone D,Daylight,TSK-014694,Loading,3,1041.1,1041.1,231.5,0.594,197.8,344.0,115.0,68.8,HIGH,0,0.0714,Normal,126.2,Stability_Loss,9.06
R009808,2026-06-29 03:10,PROXIMITY_HAZARD,EXC-219,Excavator,Large Excavator (30t class),3236.3,2.43,75.9,56.9,2.11,14.7,90.6,64.9,OP1015,Expert,20.4,Night,75.9,37.1,88.6,3,84.5,1.77,54.9,209,29.2,Standard,Forward,2,1,13,78.0,3,Fastened,1.52,Worker,0,5.4,Violated,0,0,Light_Rain,64.5,22.8,15.9,Wet,Gentle_Slope,Zone A,Night_Floodlit,TSK-009808,Backfilling,4,369.3,369.3,83.8,0.788,62.8,127.5,32.4,66.9,HIGH,0,0.0774,Normal,29.9,No_Incident,11.41
R029382,2026-06-29 07:06,LOW_VISIBILITY,WHL-316,Wheel Loader,Large Wheel Loader,14276.3,9.83,79.8,60.2,5.37,16.81,64.1,59.5,OP1113,Intermediate,4.5,Morning,76.9,21.0,72.6,0,51.1,6.06,85.1,97,25.1,Eco,Reverse,5,2,9,67.0,0,Fastened,13.61,No_Object,0,2.1,Clear,0,0,Clear,38.6,26.9,39.1,Dry,Flat,Zone B,Night_Poor,TSK-029382,Material_Transfer,3,586.8,586.8,141.3,0.331,113.1,148.1,40.2,49.2,MEDIUM,0,0.1596,Normal,93.3,No_Incident,14.58
R036136,2026-06-29 11:20,STEEP_TERRAIN,WHL-305,Wheel Loader,Medium Wheel Loader,1968.2,1.23,80.9,60.3,3.58,12.33,86.7,67.8,OP1118,Novice,1.4,Morning,62.5,15.3,65.3,0,38.0,2.44,54.1,174,29.1,Eco,Reverse,5,1,23,77.3,1,Unfastened,7.49,Worker,0,18.4,Clear,0,0,Clear,89.6,34.4,44.5,Loose,Stockpile,Zone E,Daylight,TSK-036136,Loading,2,422.3,422.3,102.4,0.775,90.3,181.5,37.2,51.6,MEDIUM,0,0.0696,Normal,42.9,No_Incident,11.35
R032038,2026-06-29 17:30,NORMAL_OPERATION,EXC-218,Excavator,Medium Excavator (20t class),8984.3,7.33,85.7,66.3,2.3,18.74,71.4,75.5,OP1023,Intermediate,2.4,Afternoon,70.1,14.9,63.2,0,41.4,1.49,73.7,552,31.4,Power,Forward,2,1,14,79.4,2,Fastened,14.47,Worker,0,1.5,Clear,0,0,Cloudy,77.9,33.0,26.6,Dry,Flat,Zone A,Dawn_Dusk,TSK-032038,Excavation,4,823.9,823.9,231.6,0.075,219.7,290.0,87.4,14.0,LOW,0,0.0357,Normal,272.8,No_Incident,9.43
R031526,2026-06-30 07:51,PROXIMITY_HAZARD,WHL-302,Wheel Loader,Medium Wheel Loader,11042.3,7.23,82.3,60.2,6.23,13.81,73.9,62.9,OP1066,Experienced,8.0,Morning,78.3,10.7,66.4,3,52.3,3.88,82.4,244,30.1,Standard,Reverse,4,1,27,75.9,11,Unfastened,1.24,Worker,1,2.1,Violated,0,1,Clear,90.4,25.6,47.1,Rocky,Haul_Road,Zone F,Daylight,TSK-031526,Material_Transfer,4,945.9,945.9,299.8,0.209,244.9,312.3,69.2,99.4,CRITICAL,0,0.3851,Normal,260.4,Proximity_Near_Miss,13.68
R000221,2026-06-30 08:39,NORMAL_OPERATION,EXC-213,Excavator,Large Excavator (30t class),13483.8,9.83,84.0,59.3,0.52,15.88,58.2,56.2,OP1029,Expert,13.9,Morning,71.9,20.2,81.5,1,68.1,2.51,77.6,400,39.6,Eco,Swinging,1,3,18,83.3,2,Fastened,11.45,Material_Pile,0,1.3,Clear,0,0,Light_Rain,75.0,25.5,18.3,Wet,Haul_Road,Zone B,Daylight,TSK-000221,Loading,2,1001.7,1001.7,192.0,0.262,190.3,230.8,60.6,17.0,LOW,0,0.0721,Normal,179.1,No_Incident,16.52
R004204,2026-06-30 17:54,HIGH_LOAD_OPERATION,WHL-312,Wheel Loader,Medium Wheel Loader,6581.9,4.03,81.3,62.4,5.22,12.07,78.0,67.8,OP1084,Experienced,6.3,Afternoon,88.8,14.5,93.3,2,70.6,4.56,97.9,96,12.6,Standard,Reverse,4,1,12,78.4,2,Fastened,16.31,Vehicle,0,2.0,Clear,0,0,Heavy_Rain,50.6,31.2,5.6,Wet,Flat,Zone D,Daylight,TSK-004204,Stockpiling,4,434.2,434.2,96.2,0.313,97.8,106.9,21.9,30.9,MEDIUM,1,0.5311,Repeated_Harsh_Events,68.5,No_Incident,19.83
R013176,2026-06-30 18:58,LOW_VISIBILITY,EXC-211,Excavator,Medium Excavator (20t class),4175.4,3.13,82.5,63.6,2.03,14.16,78.7,67.6,OP1009,Intermediate,3.8,Afternoon,78.8,25.2,72.8,1,59.3,1.46,73.8,301,38.4,Standard,Forward,0,1,13,66.5,4,Fastened,11.77,Vehicle,0,5.4,Clear,0,0,Cloudy,20.4,34.1,23.2,Dry,Trench_Edge,Zone C,Night_Poor,TSK-013176,Backfilling,3,438.9,438.9,132.6,0.17,99.5,151.8,36.0,23.8,LOW,0,0.1796,Normal,126.9,No_Incident,12.2
R000150,2026-06-30 18:59,HIGH_LOAD_OPERATION,WHL-302,Wheel Loader,Medium Wheel Loader,10921.0,7.23,85.9,63.4,6.91,18.41,71.4,78.1,OP1033,Intermediate,4.1,Afternoon,76.3,13.6,78.2,3,47.1,4.15,94.9,375,40.4,Power,Reverse,9,11,64,61.7,5,Fastened,13.0,Material_Pile,0,1.7,Clear,0,0,Clear,81.2,32.6,22.2,Dry,Flat,Zone D,Daylight,TSK-000150,Material_Transfer,3,1551.3,1551.3,441.4,0.682,401.7,369.7,116.3,39.2,MEDIUM,0,0.0941,Normal,111.2,No_Incident,13.34
R019048,2026-07-01 01:07,NORMAL_OPERATION,WHL-306,Wheel Loader,Large Wheel Loader,9411.9,5.83,81.1,56.1,6.42,15.18,69.5,55.8,OP1031,Experienced,6.6,Night,65.6,16.9,63.9,0,45.4,3.63,51.4,96,16.0,Standard,Forward,1,2,9,67.4,3,Fastened,18.99,No_Object,0,1.1,Clear,0,0,Cloudy,65.5,25.1,14.1,Dry,Flat,Zone B,Night_Floodlit,TSK-019048,Loading,1,345.9,345.9,73.8,0.643,55.1,84.8,21.7,13.5,LOW,0,0.1368,Normal,33.6,No_Incident,15.91
R008315,2026-07-01 06:10,PROXIMITY_HAZARD,EXC-219,Excavator,Large Excavator (30t class),3324.9,2.43,77.4,52.5,0.29,22.52,91.5,71.8,OP1046,Novice,1.9,Morning,71.3,15.7,65.3,2,46.4,2.19,68.3,146,17.0,Power,Swinging,0,1,18,61.1,1,Unfastened,1.52,Worker,1,7.8,Violated,0,1,Heavy_Rain,45.9,20.5,9.4,Muddy,Gentle_Slope,Zone E,Daylight,TSK-008315,Excavation,3,319.4,319.4,72.4,0.536,63.9,125.8,46.8,93.3,CRITICAL,0,0.0799,Normal,56.3,Proximity_Near_Miss,6.83
R033696,2026-07-01 10:00,MACHINE_OVERHEATING,WHL-308,Wheel Loader,Large Wheel Loader,7168.8,5.53,105.3,87.4,7.24,14.69,52.2,61.9,OP1049,Intermediate,4.0,Morning,78.6,30.2,68.1,1,64.7,6.08,84.3,50,10.0,Standard,Reverse,0,1,2,83.4,0,Fastened,13.28,No_Object,0,3.9,Clear,0,0,Cloudy,83.2,31.6,42.5,Rocky,Haul_Road,Zone F,Daylight,TSK-033696,Stockpiling,1,300.0,300.0,68.7,0.458,50.3,51.3,12.7,65.7,HIGH,0,0.0306,Normal,30.1,No_Incident,23.58
R037301,2026-07-01 15:22,NORMAL_OPERATION,WHL-301,Wheel Loader,Large Wheel Loader,12514.1,8.13,84.8,68.1,3.88,21.62,51.1,63.1,OP1012,Intermediate,4.1,Afternoon,74.1,17.3,71.7,1,52.0,5.79,82.1,111,27.7,Standard,Forward,9,3,23,74.7,2,Fastened,10.03,Worker,0,5.2,Clear,0,0,Heavy_Rain,48.6,30.4,37.4,Wet,Haul_Road,Zone B,Daylight,TSK-037301,Loading,4,642.0,642.0,103.2,0.825,102.2,195.1,71.1,50.1,MEDIUM,0,0.276,Normal,35.0,No_Incident,9.03
R029472,2026-07-02 01:06,STEEP_TERRAIN,EXC-204,Excavator,Medium Excavator (20t class),2263.3,1.53,81.6,59.5,0.08,12.32,91.1,81.7,OP1060,Expert,14.1,Night,82.7,23.0,85.2,2,67.7,1.35,71.4,265,43.5,Eco,Swinging,1,3,10,81.3,1,Fastened,15.81,No_Object,0,26.5,Clear,0,0,Cloudy,70.3,26.7,35.6,Loose,Embankment,Zone D,Night_Floodlit,TSK-029472,Excavation,4,357.1,357.1,93.7,0.62,95.2,184.1,39.8,72.2,HIGH,0,0.0796,Normal,64.7,No_Incident,8.97
R022787,2026-07-02 14:15,UNSAFE_OPERATION,EXC-207,Excavator,Large Excavator (30t class),8308.2,5.34,83.9,66.9,4.37,26.13,77.9,71.2,OP1059,Expert,10.4,Afternoon,84.7,19.6,84.1,5,71.9,2.15,66.9,372,24.3,Power,Forward,2,1,26,70.9,0,Fastened,3.7,Structure,0,4.4,Warning,0,0,Cloudy,80.5,36.0,24.8,Dry,Flat,Zone A,Daylight,TSK-022787,Excavation,2,797.8,797.8,188.0,0.183,159.6,155.7,65.1,26.1,LOW,1,0.9999,Unusual_Speed,125.5,No_Incident,12.26
R023663,2026-07-03 02:25,MULTIPLE_SIMULTANEOUS_RISKS,WHL-310,Wheel Loader,Medium Wheel Loader,5294.6,3.54,76.9,57.6,4.77,11.27,73.5,64.7,OP1093,Intermediate,3.4,Night,77.1,10.9,71.1,1,46.6,3.19,72.9,333,53.7,Eco,Forward,8,4,38,80.1,7,Fastened,14.19,No_Object,0,15.2,Clear,0,1,Heavy_Rain,27.4,20.2,10.5,Muddy,Embankment,Zone E,Night_Floodlit,TSK-023663,Material_Transfer,3,1060.7,1060.7,276.9,0.837,274.7,647.8,120.7,68.2,HIGH,0,0.1205,Normal,110.5,Stability_Loss,8.79
R014227,2026-07-03 10:26,EFFICIENT_OPERATION,EXC-223,Excavator,Large Excavator (30t class),9638.8,7.34,80.2,57.5,0.44,13.06,75.2,60.9,OP1081,Experienced,5.7,Morning,64.4,43.9,74.8,0,59.0,2.87,91.0,298,51.3,Eco,Swinging,2,0,15,83.1,0,Fastened,10.36,Structure,0,4.7,Clear,0,0,Heavy_Rain,42.9,25.8,25.4,Muddy,Haul_Road,Zone B,Daylight,TSK-014227,Loading,1,854.0,854.0,225.9,0.564,162.3,213.0,45.8,30.6,MEDIUM,0,0.0064,Normal,95.4,No_Incident,18.65
R000953,2026-07-03 11:17,HIGH_FUEL_CONSUMPTION,WHL-301,Wheel Loader,Large Wheel Loader,12541.8,8.14,84.1,64.8,5.27,29.09,56.4,81.3,OP1079,Experienced,8.5,Morning,78.8,17.5,67.6,5,67.1,5.46,81.9,90,21.8,Power,Forward,4,1,14,69.0,4,Unfastened,5.65,Worker,0,11.0,Warning,1,1,Heavy_Rain,48.8,20.5,26.4,Muddy,Stockpile,Zone D,Daylight,TSK-000953,Stockpiling,2,736.8,489.4,138.4,0.39,123.5,169.1,86.4,81.7,CRITICAL,1,0.9986,Abnormal_Fuel,103.7,Proximity_Near_Miss,5.67
R014947,2026-07-03 11:28,NORMAL_OPERATION,WHL-315,Wheel Loader,Medium Wheel Loader,9938.5,7.24,77.7,53.8,5.71,10.5,71.7,56.1,OP1054,Expert,13.9,Morning,77.6,21.2,84.6,4,64.6,3.19,69.5,154,18.5,Standard,Forward,3,1,7,83.2,1,Fastened,14.87,No_Object,0,6.0,Clear,0,0,Cloudy,89.6,26.7,30.0,Dry,Gentle_Slope,Zone F,Daylight,TSK-014947,Material_Transfer,1,490.2,490.2,124.6,0.928,126.9,121.9,20.9,38.4,MEDIUM,0,0.0467,Normal,10.0,No_Incident,23.46
R026814,2026-07-04 07:57,EXCESSIVE_IDLE,EXC-210,Excavator,Medium Excavator (20t class),3703.5,2.44,80.9,60.6,0.87,10.93,78.7,72.8,OP1115,Intermediate,3.0,Morning,71.6,16.6,55.2,1,45.2,1.61,83.1,243,49.7,Standard,Swinging,2,1,12,62.9,2,Unfastened,11.3,Worker,0,7.5,Clear,0,0,Light_Rain,69.0,27.6,8.7,Wet,Trench_Edge,Zone C,Daylight,TSK-026814,Excavation,2,389.7,389.7,122.4,0.504,103.9,159.2,28.8,38.6,MEDIUM,1,0.9988,Excessive_Idle,81.9,No_Incident,13.52
R004167,2026-07-05 06:09,STEEP_TERRAIN,WHL-315,Wheel Loader,Medium Wheel Loader,9973.1,7.25,86.6,67.6,3.71,16.31,70.3,87.8,OP1054,Expert,13.9,Morning,77.6,21.2,85.8,4,64.6,3.48,78.2,282,39.6,Power,Reverse,6,3,13,84.2,3,Fastened,13.54,Worker,0,24.9,Clear,0,0,Clear,100.0,32.0,26.1,Dry,Embankment,Zone E,Daylight,TSK-004167,Loading,2,978.9,978.9,211.8,0.093,209.4,245.9,67.5,64.8,HIGH,0,0.0854,Normal,221.9,No_Incident,14.49
R015004,2026-07-05 19:12,EXCESSIVE_IDLE,EXC-206,Excavator,Large Excavator (30t class),12222.0,10.15,79.3,62.4,0.12,9.27,66.7,61.9,OP1077,Experienced,7.3,Afternoon,80.4,14.4,80.2,0,76.5,2.28,71.9,44,10.7,Standard,Swinging,0,0,5,87.9,0,Fastened,15.33,Worker,0,7.7,Clear,0,0,Light_Rain,69.8,27.6,16.0,Wet,Gentle_Slope,Zone E,Daylight,TSK-015004,Backfilling,2,205.2,100.3,43.7,0.176,34.9,56.8,9.4,9.9,LOW,1,0.8069,Excessive_Idle,48.2,No_Incident,10.72
R007589,2026-07-06 03:04,NORMAL_OPERATION,EXC-212,Excavator,Large Excavator (30t class),1867.4,0.95,78.5,55.2,0.25,17.29,87.1,56.3,OP1035,Experienced,6.7,Night,86.6,24.2,93.7,1,83.1,2.18,68.4,283,19.4,Standard,Swinging,0,0,9,98.1,0,Fastened,15.49,No_Object,0,5.4,Clear,0,0,Cloudy,51.6,28.4,45.5,Dry,Haul_Road,Zone B,Night_Poor,TSK-007589,Loading,1,615.0,615.0,127.6,0.845,116.8,100.6,29.4,7.1,LOW,0,0.0779,Normal,14.4,No_Incident,20.95
R036961,2026-07-06 08:48,HIGH_FUEL_CONSUMPTION,EXC-203,Excavator,Large Excavator (30t class),13913.1,8.95,82.1,58.1,2.1,25.16,54.3,65.3,OP1058,Experienced,7.2,Morning,86.4,23.8,87.9,1,82.6,2.23,70.0,463,75.8,Standard,Forward,5,2,43,83.7,3,Fastened,12.29,No_Object,0,2.2,Clear,0,0,Heavy_Rain,52.8,20.4,0.0,Muddy,Flat,Zone D,Daylight,TSK-036961,Loading,3,1032.0,1032.0,189.1,0.05,196.1,429.9,179.9,21.7,LOW,1,1.0,Abnormal_Fuel,413.6,No_Incident,5.74
R007759,2026-07-06 14:34,PROXIMITY_HAZARD,EXC-220,Excavator,Large Excavator (30t class),3840.3,2.15,79.1,59.9,2.48,19.74,85.8,63.6,OP1011,Intermediate,4.3,Afternoon,77.5,14.6,78.3,0,68.3,2.41,74.6,158,18.4,Eco,Forward,2,3,6,79.2,4,Fastened,3.12,Vehicle,0,5.1,Warning,0,0,Light_Rain,80.3,30.3,4.7,Dry,Trench_Edge,Zone C,Daylight,TSK-007759,Trenching,4,378.6,378.6,115.8,0.124,98.4,120.7,40.3,43.4,MEDIUM,0,0.2126,Normal,103.9,No_Incident,9.4
R026499,2026-07-06 14:57,STEEP_TERRAIN,EXC-206,Excavator,Large Excavator (30t class),12080.8,10.15,83.2,68.3,2.2,19.7,69.1,76.7,OP1077,Experienced,7.3,Afternoon,80.4,14.4,79.5,0,76.5,2.31,72.3,378,34.9,Standard,Forward,1,1,12,89.5,3,Fastened,18.06,No_Object,0,14.1,Clear,0,0,Cloudy,92.8,34.3,8.9,Loose,Embankment,Zone D,Daylight,TSK-026499,Excavation,4,872.1,872.1,194.2,0.127,174.4,284.6,91.6,23.2,LOW,0,0.1317,Normal,243.6,No_Incident,9.52
R009209,2026-07-06 17:46,NORMAL_OPERATION,WHL-312,Wheel Loader,Medium Wheel Loader,6579.0,4.05,81.2,62.8,5.9,11.62,77.7,66.1,OP1084,Experienced,6.3,Afternoon,88.8,14.5,91.7,2,70.6,3.46,73.3,275,21.9,Standard,Forward,2,0,8,81.6,3,Unfastened,10.94,Vehicle,0,1.9,Clear,0,0,Clear,98.8,31.9,24.7,Dry,Flat,Zone D,Daylight,TSK-009209,Material_Transfer,1,949.4,949.4,243.8,0.359,245.9,168.7,34.1,21.3,LOW,0,0.0511,Normal,115.0,No_Incident,27.81
R001257,2026-07-07 01:27,EFFICIENT_OPERATION,EXC-210,Excavator,Medium Excavator (20t class),3688.5,2.45,78.4,48.7,0.59,9.48,79.3,48.7,OP1035,Experienced,6.7,Night,86.6,24.2,94.6,1,83.1,1.6,80.8,436,17.6,Eco,Swinging,1,0,7,99.4,0,Fastened,7.9,Vehicle,0,2.8,Clear,0,0,Light_Rain,49.5,19.7,5.0,Wet,Flat,Zone B,Night_Floodlit,TSK-001257,Loading,2,694.8,694.8,178.1,0.108,176.0,155.3,24.3,15.4,LOW,0,0.0287,Normal,138.8,No_Incident,28.54
R005419,2026-07-07 07:54,NORMAL_OPERATION,EXC-212,Excavator,Large Excavator (30t class),1793.5,0.95,78.9,59.1,2.32,18.25,83.6,60.6,OP1018,Experienced,6.1,Morning,70.6,21.9,69.8,1,62.4,2.12,69.0,207,21.7,Standard,Reverse,1,1,8,89.3,1,Fastened,7.78,Material_Pile,0,3.6,Clear,0,0,Cloudy,78.6,26.6,23.1,Dry,Flat,Zone C,Daylight,TSK-005419,Trenching,2,437.2,437.2,136.8,0.493,113.7,131.1,39.9,5.9,LOW,0,0.1041,Normal,68.3,No_Incident,10.96
R018817,2026-07-07 08:01,EFFICIENT_OPERATION,EXC-218,Excavator,Medium Excavator (20t class),8918.4,7.35,79.9,57.4,0.0,15.0,67.6,66.9,OP1096,Intermediate,2.5,Morning,76.6,12.8,67.4,3,49.0,1.42,69.3,224,7.7,Standard,Swinging,1,0,14,76.0,2,Fastened,15.45,No_Object,0,5.5,Clear,0,0,Light_Rain,74.3,24.3,2.7,Wet,Gentle_Slope,Zone A,Daylight,TSK-018817,Excavation,4,317.0,317.0,94.8,0.335,84.5,143.3,33.5,11.3,LOW,0,0.0296,Normal,91.1,No_Incident,9.45
R033978,2026-07-08 00:22,POOR_WEATHER,WHL-316,Wheel Loader,Large Wheel Loader,14374.8,9.85,80.5,55.7,5.8,14.42,65.5,53.7,OP1099,Experienced,6.7,Night,68.8,33.6,75.1,1,55.9,5.43,75.9,145,52.6,Eco,Reverse,6,4,16,68.9,3,Fastened,4.92,Vehicle,0,2.4,Warning,0,0,Dust_Wind,22.9,23.2,69.7,Dry,Flat,Zone B,Night_Poor,TSK-033978,Loading,1,783.4,783.4,151.8,0.366,124.8,188.0,46.3,52.0,MEDIUM,0,0.0618,Normal,116.2,No_Incident,16.94
R030625,2026-07-08 01:30,NORMAL_OPERATION,EXC-216,Excavator,Medium Excavator (20t class),14318.6,9.85,79.9,61.3,1.6,11.52,54.2,53.5,OP1060,Expert,14.1,Night,82.7,23.0,82.9,2,67.7,1.12,55.5,506,48.7,Standard,Reverse,3,2,25,84.1,2,Fastened,6.61,Structure,0,0.4,Clear,0,0,Light_Rain,56.7,25.1,8.9,Wet,Flat,Zone C,Night_Floodlit,TSK-030625,Backfilling,4,564.4,564.4,154.8,0.373,127.9,284.1,55.0,10.9,LOW,0,0.1092,Normal,191.1,No_Incident,10.26
R013215,2026-07-08 06:35,NORMAL_OPERATION,EXC-203,Excavator,Large Excavator (30t class),13808.6,8.95,83.9,65.5,0.85,18.66,51.6,64.5,OP1055,Experienced,8.6,Morning,71.5,27.1,77.2,3,73.5,1.97,61.4,430,56.3,Standard,Stationary,8,2,9,82.4,0,Fastened,13.22,No_Object,0,4.7,Clear,0,0,Clear,100.0,29.5,17.6,Dry,Gentle_Slope,Zone E,Daylight,TSK-013215,Excavation,2,847.5,847.5,230.2,0.647,169.5,246.5,75.9,15.6,LOW,0,0.1054,Normal,87.4,No_Incident,11.16
R010997,2026-07-08 07:37,NORMAL_OPERATION,WHL-311,Wheel Loader,Medium Wheel Loader,2269.6,1.55,80.5,60.9,4.57,14.0,78.5,70.9,OP1117,Experienced,8.3,Morning,83.0,17.5,74.9,0,66.9,3.42,72.2,330,48.3,Power,Reverse,3,1,17,96.1,1,Fastened,10.18,Worker,0,8.5,Clear,0,0,Clear,100.0,26.9,41.2,Dry,Stockpile,Zone D,Daylight,TSK-010997,Material_Transfer,3,1125.4,1125.4,328.3,0.304,291.4,279.1,64.7,16.3,LOW,0,0.0399,Normal,201.4,No_Incident,17.39
R023009,2026-07-08 10:27,NORMAL_OPERATION,EXC-207,Excavator,Large Excavator (30t class),8312.3,5.35,78.5,56.0,0.81,20.53,77.9,60.9,OP1016,Intermediate,2.4,Morning,80.9,18.7,77.6,1,52.7,2.65,81.0,415,27.3,Standard,Swinging,3,3,22,65.2,0,Fastened,18.09,No_Object,0,0.3,Clear,0,0,Clear,99.5,26.7,28.2,Dry,Flat,Zone D,Daylight,TSK-023009,Loading,2,1098.2,1098.2,261.1,0.717,208.7,188.2,61.4,5.4,LOW,0,0.0854,Normal,57.2,No_Incident,17.9
R015888,2026-07-09 06:28,NORMAL_OPERATION,WHL-315,Wheel Loader,Medium Wheel Loader,10056.2,7.26,79.7,56.6,0.36,9.99,71.4,57.7,OP1054,Expert,13.9,Morning,77.6,21.2,85.9,4,64.6,3.67,79.4,279,45.0,Eco,Stationary,7,3,16,79.6,3,Fastened,19.18,No_Object,0,2.5,Clear,0,0,Light_Rain,71.6,26.9,12.5,Dry,Flat,Zone D,Daylight,TSK-015888,Material_Transfer,1,1021.9,1021.9,253.2,0.113,264.6,219.4,35.1,10.4,LOW,0,0.0632,Normal,190.5,No_Incident,29.1
R023331,2026-07-09 11:21,EXCESSIVE_IDLE,WHL-316,Wheel Loader,Large Wheel Loader,14436.6,9.86,83.0,62.3,6.24,15.34,61.9,61.8,OP1113,Intermediate,4.5,Morning,76.9,21.0,71.1,0,51.1,6.26,87.9,149,50.3,Standard,Forward,3,2,7,74.2,2,Fastened,7.48,Structure,0,0.6,Clear,0,0,Light_Rain,64.8,26.3,16.3,Dry,Flat,Zone D,Daylight,TSK-023331,Material_Transfer,2,933.1,933.1,213.7,0.507,179.9,185.2,48.1,36.6,MEDIUM,0,0.4451,Normal,87.8,No_Incident,19.41
R019066,2026-07-10 07:29,HIGH_FUEL_CONSUMPTION,WHL-308,Wheel Loader,Large Wheel Loader,7142.3,5.56,82.9,59.8,7.59,13.29,82.2,69.5,OP1049,Intermediate,4.0,Morning,78.6,30.2,68.5,1,64.7,5.79,82.9,46,21.9,Power,Forward,1,0,3,75.9,3,Fastened,18.44,No_Object,0,0.0,Clear,0,0,Light_Rain,76.2,28.0,19.7,Wet,Haul_Road,Zone B,Daylight,TSK-019066,Loading,2,449.7,265.2,86.2,0.669,71.6,82.2,18.7,18.8,LOW,1,0.5168,Abnormal_Fuel,27.5,No_Incident,14.15
R033987,2026-07-12 00:57,STEEP_TERRAIN,WHL-316,Wheel Loader,Large Wheel Loader,14425.5,9.86,81.3,66.4,3.38,21.85,62.4,80.0,OP1119,Intermediate,2.0,Night,73.8,12.0,65.5,1,49.9,5.78,79.1,194,49.1,Standard,Reverse,8,5,45,78.1,12,Fastened,19.96,No_Object,0,23.1,Clear,0,0,Dust_Wind,42.3,24.9,92.9,Loose,Stockpile,Zone E,Night_Floodlit,TSK-033987,Material_Transfer,5,1116.3,1116.3,252.4,0.9,215.2,519.1,200.0,83.5,CRITICAL,0,0.166,Normal,57.9,No_Incident,5.58
R038420,2026-07-12 08:01,POOR_WEATHER,WHL-313,Wheel Loader,Medium Wheel Loader,6638.2,4.26,80.0,60.7,7.0,11.05,73.0,60.0,OP1054,Expert,13.9,Morning,77.6,21.2,83.6,4,64.6,3.5,75.6,287,51.6,Standard,Forward,4,2,17,80.9,7,Fastened,9.2,Vehicle,0,6.6,Clear,0,0,Light_Rain,78.3,27.8,18.7,Dry,Stockpile,Zone D,Daylight,TSK-038420,Loading,3,1002.8,1002.8,224.4,0.417,214.5,260.1,46.2,22.8,LOW,0,0.2835,Normal,158.6,No_Incident,21.7
R037081,2026-07-12 16:09,NORMAL_OPERATION,WHL-306,Wheel Loader,Large Wheel Loader,9657.7,5.86,83.4,59.6,0.3,19.4,65.9,54.5,OP1013,Experienced,5.5,Afternoon,72.1,17.2,72.0,2,46.1,4.89,70.3,108,13.4,Standard,Stationary,1,1,4,80.2,0,Unfastened,5.2,Structure,0,3.9,Warning,0,0,Cloudy,87.8,31.6,25.6,Dry,Flat,Zone D,Daylight,TSK-037081,Loading,2,527.6,527.6,105.4,0.47,84.0,98.7,31.3,6.1,LOW,0,0.1154,Normal,52.5,No_Incident,16.88
R017875,2026-07-13 09:04,STEEP_TERRAIN,WHL-308,Wheel Loader,Large Wheel Loader,7212.3,5.57,82.5,65.7,3.13,19.72,81.0,78.1,OP1049,Intermediate,4.0,Morning,78.6,30.2,71.5,1,64.7,5.87,83.4,223,132.6,Standard,Forward,12,6,34,83.3,6,Fastened,11.86,Vehicle,0,26.0,Clear,1,1,Heavy_Rain,49.1,25.3,0.0,Muddy,Embankment,Zone A,Daylight,TSK-017875,Material_Transfer,3,1305.9,1305.9,289.6,0.934,251.7,564.8,178.1,82.8,CRITICAL,0,0.0511,Normal,40.7,Stability_Loss,7.33
R025120,2026-07-14 02:04,UNSAFE_OPERATION,WHL-307,Wheel Loader,Large Wheel Loader,5113.3,3.37,80.9,59.9,6.49,24.41,82.3,73.3,OP1105,Intermediate,4.0,Night,81.2,24.1,72.0,0,65.6,5.42,77.0,123,26.3,Power,Forward,3,3,20,56.3,1,Fastened,5.06,Material_Pile,0,7.2,Warning,1,1,Light_Rain,47.6,26.3,13.0,Wet,Flat,Zone B,Night_Floodlit,TSK-025120,Loading,2,662.2,662.2,126.7,0.724,105.5,121.2,46.6,57.1,HIGH,1,0.9652,Erratic_Control,31.6,Harsh_Maneuver,14.2
R036760,2026-07-14 06:17,EXCESSIVE_IDLE,EXC-204,Excavator,Medium Excavator (20t class),2243.6,1.57,77.1,60.2,0.9,12.78,90.5,65.1,OP1087,Intermediate,2.5,Morning,76.3,24.8,71.1,0,54.1,1.38,67.4,268,45.6,Standard,Swinging,3,2,19,74.3,3,Fastened,16.0,No_Object,0,0.9,Clear,0,0,Cloudy,91.5,26.7,12.3,Dry,Flat,Zone A,Daylight,TSK-036760,Trenching,3,371.0,371.0,164.3,0.502,128.6,176.3,36.6,6.9,LOW,0,0.3178,Normal,87.3,No_Incident,10.15
R020398,2026-07-14 22:03,NORMAL_OPERATION,WHL-316,Wheel Loader,Large Wheel Loader,14575.5,9.87,82.0,63.0,5.98,18.49,62.9,70.1,OP1089,Expert,11.3,Night,77.0,25.1,77.9,8,63.9,5.46,76.1,107,35.5,Power,Forward,3,2,18,79.7,3,Fastened,4.89,Worker,0,1.4,Warning,0,0,Cloudy,43.9,25.7,31.1,Dry,Flat,Zone B,Night_Poor,TSK-020398,Loading,3,583.0,583.0,109.4,0.916,92.8,125.8,39.3,45.3,MEDIUM,0,0.371,Normal,11.7,No_Incident,14.85
R007552,2026-07-15 06:36,LOW_VISIBILITY,WHL-309,Wheel Loader,Medium Wheel Loader,13981.5,10.67,81.4,57.5,4.55,13.39,67.1,58.3,OP1071,Intermediate,2.1,Morning,71.5,11.3,63.3,0,31.3,2.59,59.3,301,23.9,Power,Forward,2,2,31,53.9,3,Fastened,8.32,Material_Pile,0,1.0,Clear,0,0,Dust_Wind,28.4,25.4,88.9,Dry,Haul_Road,Zone B,Daylight,TSK-007552,Loading,2,777.0,777.0,206.7,0.378,166.2,247.4,55.0,20.4,LOW,0,0.4192,Normal,158.3,No_Incident,14.14
R019247,2026-07-15 10:32,POOR_WEATHER,EXC-211,Excavator,Medium Excavator (20t class),4444.7,3.17,80.0,65.3,0.0,19.1,78.8,90.8,OP1104,Intermediate,3.6,Morning,74.8,14.3,72.9,2,44.1,1.67,82.6,361,24.5,Power,Swinging,0,1,25,80.9,3,Fastened,12.27,Vehicle,0,16.5,Clear,0,0,Heavy_Rain,43.6,24.9,6.4,Muddy,Embankment,Zone E,Dawn_Dusk,TSK-019247,Excavation,2,603.3,603.3,176.2,0.512,160.9,206.6,64.1,54.5,MEDIUM,0,0.095,Normal,99.7,No_Incident,9.41
R008786,2026-07-15 19:18,MULTIPLE_SIMULTANEOUS_RISKS,EXC-206,Excavator,Large Excavator (30t class),12123.9,10.17,78.5,59.8,1.87,15.32,64.4,53.6,OP1077,Experienced,7.3,Afternoon,80.4,14.4,83.3,0,76.5,2.11,65.5,278,18.4,Standard,Reverse,2,1,20,87.5,6,Fastened,2.79,Worker,1,1.9,Violated,0,0,Fog,20.1,27.2,5.7,Dry,Flat,Zone D,Daylight,TSK-008786,Loading,2,584.9,584.9,125.5,0.665,111.1,147.9,39.0,80.3,CRITICAL,1,0.6368,Repeated_Proximity_Violations,43.9,No_Incident,14.98
R015108,2026-07-16 03:13,PROXIMITY_HAZARD,EXC-211,Excavator,Medium Excavator (20t class),4341.0,3.17,80.1,61.0,1.61,18.79,79.5,84.1,OP1116,Intermediate,2.3,Night,81.6,12.7,70.6,0,51.2,1.51,75.2,435,37.9,Power,Reverse,9,8,40,80.7,7,Fastened,0.99,Worker,1,12.2,Violated,1,1,Heavy_Rain,28.2,18.2,20.7,Muddy,Embankment,Zone A,Night_Floodlit,TSK-015108,Excavation,4,657.5,657.5,185.8,0.249,175.3,389.7,118.2,99.5,CRITICAL,0,0.0913,Normal,273.8,Proximity_Near_Miss,5.57
R014854,2026-07-16 08:53,STEEP_TERRAIN,EXC-215,Excavator,Medium Excavator (20t class),11888.2,8.98,87.1,69.3,0.65,18.17,67.6,94.7,OP1000,Intermediate,4.8,Morning,72.9,16.4,73.9,1,52.7,1.51,70.5,416,30.9,Power,Swinging,4,4,22,75.2,0,Fastened,7.37,Structure,0,25.4,Clear,0,0,Clear,88.4,30.9,17.5,Loose,Embankment,Zone A,Daylight,TSK-014854,Excavation,2,628.7,628.7,167.9,0.188,167.7,238.3,68.8,47.7,MEDIUM,0,0.0868,Normal,200.3,No_Incident,9.14
R014393,2026-07-16 14:57,NORMAL_OPERATION,EXC-208,Excavator,Large Excavator (30t class),6151.7,4.18,80.6,64.1,2.95,15.99,75.2,65.3,OP1110,Experienced,5.6,Afternoon,67.3,36.6,68.8,2,62.7,2.37,74.1,149,26.3,Standard,Forward,3,1,2,80.2,0,Fastened,5.11,Worker,0,3.4,Warning,0,0,Clear,91.6,35.3,31.0,Dry,Gentle_Slope,Zone A,Daylight,TSK-014393,Excavation,2,352.2,352.2,93.1,0.86,70.4,84.0,22.8,20.7,LOW,0,0.0643,Normal,11.1,No_Incident,15.44
R039173,2026-07-16 19:25,EXCESSIVE_IDLE,WHL-306,Wheel Loader,Large Wheel Loader,9583.4,5.88,84.6,61.4,8.58,16.47,66.5,70.2,OP1062,Experienced,5.1,Afternoon,76.7,22.4,90.3,1,58.1,4.09,60.1,91,82.3,Power,Reverse,2,5,16,70.6,1,Fastened,5.78,Material_Pile,0,2.7,Warning,0,0,Cloudy,82.7,32.8,23.7,Dry,Flat,Zone B,Daylight,TSK-039173,Loading,3,371.4,371.4,77.1,0.856,59.1,175.4,49.1,32.6,MEDIUM,1,1.0,Excessive_Idle,28.4,No_Incident,7.56
R025860,2026-07-17 02:54,HIGH_LOAD_OPERATION,EXC-219,Excavator,Large Excavator (30t class),3414.6,2.48,83.0,67.5,1.89,16.4,86.3,99.5,OP1015,Expert,20.4,Night,75.9,37.1,88.5,3,84.5,3.22,98.0,137,43.6,Power,Forward,4,2,5,74.8,1,Fastened,9.64,Material_Pile,0,9.5,Clear,0,0,Cloudy,56.6,27.6,19.9,Dry,Embankment,Zone A,Night_Floodlit,TSK-025860,Excavation,2,490.4,440.3,129.9,0.611,98.1,122.2,33.4,29.0,LOW,0,0.2379,Normal,48.1,No_Incident,13.2
R023236,2026-07-17 07:07,UNSAFE_OPERATION,EXC-206,Excavator,Large Excavator (30t class),12254.8,10.18,83.9,59.3,4.39,19.28,70.3,67.5,OP1115,Intermediate,3.0,Morning,71.6,16.6,52.8,1,45.2,2.41,75.8,329,22.2,Power,Reverse,1,3,25,57.8,4,Fastened,2.0,Vehicle,1,6.2,Violated,0,0,Cloudy,84.6,27.7,16.9,Dry,Flat,Zone B,Daylight,TSK-023236,Loading,1,792.3,792.3,197.4,0.509,150.5,144.8,46.8,88.9,CRITICAL,1,0.9786,Unusual_Speed,76.6,No_Incident,16.93
R016771,2026-07-17 08:38,NORMAL_OPERATION,EXC-221,Excavator,Large Excavator (30t class),13774.8,8.58,81.1,65.9,0.0,22.69,69.3,73.7,OP1102,Intermediate,2.8,Morning,55.9,19.6,61.0,0,32.5,2.43,79.0,164,26.7,Standard,Swinging,3,2,10,67.2,2,Fastened,5.99,Worker,1,3.1,Warning,0,0,Heavy_Rain,51.1,27.4,1.2,Wet,Trench_Edge,Zone C,Daylight,TSK-016771,Excavation,4,397.5,397.5,91.6,0.49,79.5,159.7,58.0,48.1,MEDIUM,0,0.0718,Normal,84.5,No_Incident,6.86
R000529,2026-07-17 10:09,NORMAL_OPERATION,WHL-301,Wheel Loader,Large Wheel Loader,12624.7,8.18,83.2,55.1,8.31,16.81,53.1,50.6,OP1079,Experienced,8.5,Morning,78.8,17.5,71.9,5,67.1,5.74,80.5,204,40.4,Eco,Reverse,3,3,36,71.4,7,Fastened,6.47,Vehicle,0,1.2,Clear,0,0,Cloudy,95.0,28.9,33.2,Rocky,Haul_Road,Zone F,Daylight,TSK-000529,Material_Transfer,3,1170.8,1170.8,227.7,0.053,225.7,333.6,93.4,62.3,HIGH,0,0.0352,Normal,314.8,No_Incident,12.53
R039133,2026-07-17 16:59,UNSAFE_OPERATION,WHL-302,Wheel Loader,Medium Wheel Loader,11122.9,7.28,82.7,65.2,5.92,15.18,71.5,73.4,OP1033,Intermediate,4.1,Afternoon,76.3,13.6,77.9,3,47.1,3.36,77.4,242,24.2,Standard,Forward,16,9,39,57.1,9,Unfastened,6.22,Material_Pile,0,11.4,Clear,1,1,Cloudy,91.4,33.1,40.1,Loose,Stockpile,Zone D,Daylight,TSK-039133,Loading,3,811.6,811.6,174.3,0.926,173.6,252.3,66.0,73.2,HIGH,1,0.6237,Repeated_Harsh_Events,20.5,Harsh_Maneuver,12.29
R039440,2026-07-17 23:08,UNSAFE_OPERATION,WHL-301,Wheel Loader,Large Wheel Loader,12595.1,8.18,81.7,61.2,8.04,18.88,52.3,55.7,OP1050,Expert,12.2,Night,89.7,8.5,83.8,11,75.3,4.77,67.8,72,5.0,Standard,Forward,0,2,26,69.6,3,Fastened,4.85,Material_Pile,0,2.8,Warning,0,0,Light_Rain,60.1,24.1,10.5,Wet,Flat,Zone D,Night_Floodlit,TSK-039440,Loading,1,343.4,343.4,63.8,0.843,54.7,66.0,21.0,49.0,MEDIUM,1,0.847,Unusual_Speed,10.1,No_Incident,16.39
R006860,2026-07-18 00:32,NORMAL_OPERATION,EXC-201,Excavator,Large Excavator (30t class),8935.6,5.88,79.5,57.1,0.0,22.23,75.6,67.0,OP1051,Intermediate,4.1,Night,68.4,11.0,80.7,2,62.1,2.44,71.3,338,11.7,Power,Swinging,0,0,5,76.8,3,Unfastened,15.33,No_Object,0,2.6,Clear,0,0,Cloudy,63.7,21.5,34.2,Dry,Flat,Zone B,Night_Floodlit,TSK-006860,Loading,1,820.8,820.8,163.0,0.083,156.0,121.8,46.5,14.4,LOW,0,0.0811,Normal,108.7,No_Incident,17.65
R006467,2026-07-18 00:44,NORMAL_OPERATION,WHL-307,Wheel Loader,Large Wheel Loader,5033.4,3.38,80.0,59.0,5.95,20.16,80.0,71.2,OP1082,Experienced,5.9,Night,79.8,42.4,78.3,1,72.2,5.45,78.0,73,27.2,Power,Forward,0,1,7,76.9,0,Fastened,7.36,Vehicle,1,5.7,Clear,0,0,Clear,41.0,22.0,28.9,Dry,Haul_Road,Zone F,Night_Poor,TSK-006467,Stockpiling,3,393.8,393.8,82.2,0.38,66.0,92.9,28.8,59.5,HIGH,0,0.065,Normal,59.0,No_Incident,13.65
R003965,2026-07-18 10:05,POOR_WEATHER,EXC-216,Excavator,Medium Excavator (20t class),14586.3,9.88,82.2,61.5,2.65,13.09,58.0,61.3,OP1076,Experienced,6.5,Morning,75.4,15.7,91.0,2,52.3,1.69,81.6,464,41.1,Standard,Forward,1,1,14,91.0,3,Fastened,12.95,No_Object,0,2.8,Clear,0,0,Light_Rain,76.6,24.7,21.3,Wet,Flat,Zone D,Daylight,TSK-003965,Loading,3,783.4,783.4,231.6,0.69,198.5,246.7,55.7,30.7,MEDIUM,0,0.0816,Normal,77.7,No_Incident,14.07
R027981,2026-07-18 17:00,NORMAL_OPERATION,EXC-222,Excavator,Medium Excavator (20t class),9727.6,6.28,86.0,68.4,0.0,15.72,77.4,76.5,OP1088,Experienced,8.5,Afternoon,76.8,29.1,68.9,0,51.6,1.49,78.6,289,28.7,Power,Stationary,1,3,12,84.3,2,Fastened,11.96,Vehicle,0,3.8,Clear,0,0,Clear,90.8,37.0,11.5,Dry,Gentle_Slope,Zone A,Daylight,TSK-027981,Excavation,2,430.4,430.4,147.2,0.097,114.8,118.0,29.8,8.3,LOW,0,0.0488,Normal,107.3,No_Incident,14.43
R005761,2026-07-18 22:34,EFFICIENT_OPERATION,EXC-224,Excavator,Large Excavator (30t class),15699.2,9.68,80.1,56.9,0.18,16.38,54.2,61.9,OP1116,Intermediate,2.3,Night,81.6,12.7,72.0,0,51.2,2.6,76.9,222,9.3,Eco,Swinging,2,4,10,82.0,2,Fastened,20.0,No_Object,0,1.0,Clear,0,0,Cloudy,68.3,21.8,24.8,Dry,Flat,Zone A,Night_Floodlit,TSK-005761,Excavation,2,575.4,575.4,143.3,0.395,115.1,136.5,36.2,15.5,LOW,0,0.0365,Normal,75.3,No_Incident,15.92
R031722,2026-07-19 15:44,NORMAL_OPERATION,WHL-302,Wheel Loader,Medium Wheel Loader,11104.0,7.28,81.0,56.4,7.09,11.96,73.4,61.3,OP1106,Experienced,8.4,Afternoon,67.1,19.8,71.7,5,47.3,3.76,83.7,171,17.5,Standard,Forward,5,3,12,70.2,2,Fastened,7.26,Material_Pile,0,0.4,Clear,0,0,Cloudy,90.7,34.2,10.2,Dry,Flat,Zone D,Dawn_Dusk,TSK-031722,Stockpiling,1,639.7,639.7,183.5,0.432,144.0,118.0,24.5,27.5,LOW,0,0.3631,Normal,69.8,No_Incident,26.06
R000431,2026-07-20 03:14,PROXIMITY_HAZARD,EXC-218,Excavator,Medium Excavator (20t class),9109.4,7.38,85.3,59.7,3.37,13.3,69.7,65.4,OP1096,Intermediate,2.5,Night,76.6,12.8,67.5,3,49.0,1.49,72.7,330,16.6,Eco,Forward,2,2,26,72.3,2,Unfastened,1.06,Worker,0,3.9,Violated,0,1,Cloudy,61.3,25.1,35.9,Dry,Trench_Edge,Zone C,Night_Floodlit,TSK-000431,Excavation,2,491.3,491.3,140.6,0.475,131.0,153.0,33.3,90.8,CRITICAL,0,0.0632,Normal,81.1,Proximity_Near_Miss,14.76
R039685,2026-07-20 10:59,NORMAL_OPERATION,EXC-223,Excavator,Large Excavator (30t class),9806.0,7.39,80.6,58.1,0.31,19.54,74.3,74.4,OP1109,Experienced,8.0,Morning,77.0,18.5,84.4,1,63.0,3.06,97.2,146,10.4,Standard,Swinging,0,0,10,75.2,2,Fastened,5.37,Vehicle,0,2.0,Warning,0,0,Fog,33.0,26.3,23.3,Dry,Flat,Zone A,Daylight,TSK-039685,Excavation,2,445.9,445.9,108.0,0.616,89.2,87.1,28.9,35.9,MEDIUM,0,0.0823,Normal,31.7,No_Incident,15.45
R022163,2026-07-20 15:44,HIGH_LOAD_OPERATION,EXC-204,Excavator,Medium Excavator (20t class),2539.7,1.59,80.8,61.5,0.26,15.76,89.1,72.7,OP1097,Experienced,7.0,Afternoon,82.4,37.3,81.7,2,80.2,2.21,107.7,206,19.6,Power,Swinging,1,0,1,90.9,1,Fastened,6.75,Vehicle,0,0.0,Clear,0,0,Clear,91.7,37.1,13.7,Dry,Flat,Zone A,Dawn_Dusk,TSK-022163,Backfilling,2,456.0,456.0,141.4,0.895,103.4,75.7,19.3,10.0,LOW,0,0.0707,Normal,8.2,No_Incident,23.64
R030482,2026-07-20 19:21,HIGH_LOAD_OPERATION,WHL-304,Wheel Loader,Medium Wheel Loader,5962.7,4.39,82.8,64.3,4.81,12.07,80.9,77.5,OP1101,Experienced,5.7,Afternoon,75.1,37.5,77.8,1,67.7,4.28,92.4,318,93.5,Power,Reverse,4,4,18,92.8,4,Fastened,18.97,No_Object,0,3.6,Clear,0,0,Cloudy,68.9,30.1,26.6,Dry,Haul_Road,Zone F,Dawn_Dusk,TSK-030482,Material_Transfer,2,1357.1,1357.1,402.9,0.434,351.4,293.3,59.8,21.4,LOW,0,0.1089,Normal,175.8,No_Incident,22.7
R013020,2026-07-20 22:09,EFFICIENT_OPERATION,WHL-315,Wheel Loader,Medium Wheel Loader,10228.5,7.29,79.0,54.1,6.79,9.29,71.2,58.1,OP1048,Intermediate,3.9,Night,77.6,17.5,64.6,1,57.6,3.75,85.4,173,23.0,Eco,Forward,3,3,9,81.4,0,Fastened,9.49,Worker,0,0.0,Clear,1,1,Fog,18.4,17.8,16.7,Dry,Flat,Zone D,Night_Poor,TSK-013020,Stockpiling,3,645.4,645.4,156.0,0.513,145.3,178.7,27.1,49.8,MEDIUM,0,0.0125,Normal,94.8,Harsh_Maneuver,23.85
R028770,2026-07-21 02:14,PROXIMITY_HAZARD,EXC-215,Excavator,Medium Excavator (20t class),11787.8,8.99,80.1,58.1,2.45,13.53,68.9,60.0,OP1023,Intermediate,2.4,Night,70.1,14.9,64.7,0,41.4,1.42,71.9,499,27.8,Standard,Reverse,3,2,29,70.9,7,Fastened,3.0,Worker,0,6.1,Warning,0,0,Cloudy,66.3,24.2,27.2,Loose,Trench_Edge,Zone C,Night_Floodlit,TSK-028770,Excavation,3,708.2,708.2,241.5,0.44,188.8,257.6,58.3,46.7,MEDIUM,0,0.2899,Normal,133.5,No_Incident,12.16
R025051,2026-07-21 09:46,STEEP_TERRAIN,WHL-305,Wheel Loader,Medium Wheel Loader,2215.7,1.29,82.8,58.9,3.9,12.92,86.4,71.5,OP1118,Novice,1.4,Morning,62.5,15.3,70.2,0,38.0,2.54,57.5,264,46.1,Eco,Forward,11,3,31,77.6,7,Fastened,14.16,No_Object,0,27.5,Clear,0,0,Light_Rain,77.4,26.6,21.9,Dry,Embankment,Zone E,Daylight,TSK-025051,Material_Transfer,2,670.5,670.5,185.5,0.108,173.6,338.8,75.3,67.8,HIGH,0,0.0661,Normal,308.8,No_Incident,8.9
R008379,2026-07-22 06:13,PROXIMITY_HAZARD,WHL-308,Wheel Loader,Large Wheel Loader,7191.7,5.59,75.1,59.9,6.99,15.79,84.8,54.4,OP1074,Experienced,7.4,Morning,78.6,38.9,91.6,1,85.0,4.9,69.2,85,36.8,Eco,Forward,2,1,3,88.9,3,Fastened,2.34,Vehicle,0,1.6,Violated,0,0,Clear,96.2,26.9,38.3,Rocky,Haul_Road,Zone B,Daylight,TSK-008379,Material_Transfer,3,414.4,414.4,110.5,0.305,79.9,122.7,32.6,53.2,MEDIUM,0,0.146,Normal,79.8,No_Incident,12.72
R030048,2026-07-22 07:38,NORMAL_OPERATION,WHL-308,Wheel Loader,Large Wheel Loader,7181.0,5.59,81.2,59.0,7.19,16.75,81.6,67.5,OP1049,Intermediate,4.0,Morning,78.6,30.2,69.4,1,64.7,5.42,73.8,138,48.6,Standard,Forward,4,7,8,83.9,2,Fastened,19.17,No_Object,0,12.0,Clear,0,0,Clear,82.2,29.4,36.7,Dry,Stockpile,Zone D,Daylight,TSK-030048,Stockpiling,2,744.9,744.9,134.1,0.314,124.9,161.0,44.7,37.0,MEDIUM,0,0.1913,Normal,103.6,No_Incident,16.67
R001825,2026-07-22 07:38,NORMAL_OPERATION,EXC-218,Excavator,Medium Excavator (20t class),9196.5,7.39,82.2,56.9,0.03,15.77,72.9,67.2,OP1096,Intermediate,2.5,Morning,76.6,12.8,63.8,3,49.0,1.46,71.8,435,24.5,Standard,Stationary,10,3,25,77.5,4,Fastened,4.46,Worker,0,5.0,Warning,0,0,Light_Rain,59.8,27.8,12.8,Wet,Gentle_Slope,Zone A,Dawn_Dusk,TSK-001825,Excavation,5,636.3,636.3,181.5,0.51,169.7,301.3,81.3,29.2,LOW,0,0.1269,Normal,151.9,No_Incident,7.82
R003931,2026-07-23 00:43,NORMAL_OPERATION,WHL-306,Wheel Loader,Large Wheel Loader,9541.8,5.89,81.8,59.2,6.45,19.38,63.4,63.7,OP1062,Experienced,5.1,Night,76.7,22.4,91.9,1,58.1,4.59,67.1,203,57.2,Standard,Forward,2,0,52,75.1,6,Fastened,19.15,Worker,0,7.9,Clear,0,0,Light_Rain,51.0,24.4,31.2,Wet,Haul_Road,Zone B,Night_Floodlit,TSK-003931,Loading,4,931.1,931.1,170.8,0.528,148.3,290.8,95.7,39.8,MEDIUM,0,0.1037,Normal,142.7,No_Incident,9.73
R032138,2026-07-23 10:43,EFFICIENT_OPERATION,EXC-220,Excavator,Large Excavator (30t class),3910.5,2.19,77.6,61.9,0.26,17.03,86.1,58.3,OP1023,Intermediate,2.4,Morning,70.1,14.9,67.2,0,41.4,2.02,64.6,328,12.1,Eco,Swinging,1,2,12,81.3,3,Fastened,7.36,Worker,0,7.6,Clear,0,0,Cloudy,82.9,30.0,23.7,Dry,Trench_Edge,Zone C,Daylight,TSK-032138,Backfilling,3,659.9,659.9,158.3,0.799,112.2,134.4,38.9,9.6,LOW,0,0.0865,Normal,30.0,No_Incident,16.96
R026102,2026-07-24 10:04,STEEP_TERRAIN,WHL-307,Wheel Loader,Large Wheel Loader,5204.6,3.4,83.6,60.6,2.56,17.6,78.7,71.1,OP1078,Expert,12.2,Morning,65.9,22.0,62.4,4,61.1,5.28,74.2,255,111.3,Eco,Forward,23,12,39,69.8,11,Fastened,14.05,Worker,0,25.4,Clear,0,0,Heavy_Rain,47.8,23.0,23.8,Muddy,Stockpile,Zone E,Daylight,TSK-026102,Material_Transfer,4,1343.4,1343.4,282.0,0.124,259.0,710.5,213.1,67.5,HIGH,0,0.1158,Normal,600.2,No_Incident,6.3
R018355,2026-07-24 10:18,MACHINE_OVERHEATING,EXC-215,Excavator,Medium Excavator (20t class),11948.0,9.0,100.6,90.3,2.84,15.08,47.1,80.2,OP1103,Experienced,5.6,Morning,84.8,20.9,79.6,0,64.0,1.76,83.6,365,39.6,Power,Forward,2,4,16,84.3,2,Fastened,6.47,Vehicle,0,2.1,Clear,0,0,Clear,84.5,30.5,12.4,Dry,Flat,Zone A,Dawn_Dusk,TSK-018355,Excavation,4,640.6,640.6,199.6,0.239,170.8,197.5,50.0,25.8,LOW,0,0.2139,Normal,143.8,No_Incident,12.82
R022335,2026-07-24 22:18,NORMAL_OPERATION,WHL-310,Wheel Loader,Medium Wheel Loader,5455.2,3.6,75.9,52.8,6.26,10.15,75.7,49.6,OP1093,Intermediate,3.4,Night,77.1,10.9,68.3,1,46.6,2.38,55.6,287,39.3,Eco,Forward,5,5,21,78.0,4,Fastened,6.16,Worker,0,8.2,Clear,0,0,Light_Rain,54.7,25.3,18.1,Wet,Gentle_Slope,Zone F,Night_Floodlit,TSK-022335,Stockpiling,3,680.0,680.0,156.5,0.75,153.1,343.4,58.1,49.5,MEDIUM,0,0.4261,Normal,75.1,No_Incident,11.7
R022904,2026-07-24 23:18,STEEP_TERRAIN,EXC-219,Excavator,Large Excavator (30t class),3455.3,2.5,78.9,58.1,0.53,15.67,88.5,72.8,OP1015,Expert,20.4,Night,75.9,37.1,86.3,3,84.5,2.33,70.8,135,30.0,Standard,Swinging,0,0,8,78.1,0,Fastened,17.39,No_Object,0,15.4,Clear,0,0,Clear,78.8,20.3,38.9,Dry,Stockpile,Zone E,Night_Floodlit,TSK-022904,Loading,3,313.2,313.2,84.6,0.659,59.5,89.8,23.4,19.5,LOW,0,0.1068,Normal,33.3,No_Incident,13.37
R038478,2026-07-25 00:56,PROXIMITY_HAZARD,EXC-206,Excavator,Large Excavator (30t class),12312.4,10.2,82.5,61.1,2.5,25.59,69.0,75.1,OP1030,Intermediate,4.0,Night,74.8,13.6,58.7,1,45.5,2.47,76.6,92,6.3,Power,Forward,0,0,7,74.6,2,Fastened,1.79,Worker,0,3.4,Violated,0,0,Cloudy,62.2,24.7,21.3,Dry,Flat,Zone C,Night_Floodlit,TSK-038478,Trenching,3,226.7,226.7,75.5,0.894,58.9,65.9,28.3,60.3,HIGH,0,0.0875,Normal,7.5,No_Incident,8.02
R032538,2026-07-25 02:50,NORMAL_OPERATION,EXC-210,Excavator,Medium Excavator (20t class),4067.2,2.5,80.1,57.5,2.25,15.69,81.5,66.9,OP1027,Expert,24.2,Night,85.9,18.4,100.0,5,86.2,1.35,68.5,570,41.4,Standard,Forward,4,2,5,81.9,0,Fastened,4.91,Material_Pile,0,8.8,Warning,0,0,Clear,69.3,22.2,17.4,Dry,Embankment,Zone E,Night_Floodlit,TSK-032538,Excavation,3,768.1,768.1,190.4,0.565,204.8,242.6,63.5,23.4,LOW,0,0.1273,Normal,109.2,No_Incident,12.1
R038348,2026-07-25 08:52,HIGH_LOAD_OPERATION,WHL-304,Wheel Loader,Medium Wheel Loader,5957.9,4.4,83.8,63.6,4.45,16.55,80.0,91.8,OP1086,Expert,12.2,Morning,87.7,22.8,91.9,5,80.7,4.64,104.1,195,38.3,Power,Forward,5,1,7,80.3,1,Fastened,10.15,Worker,0,6.0,Clear,0,0,Heavy_Rain,41.1,26.6,15.2,Muddy,Stockpile,Zone D,Daylight,TSK-038348,Stockpiling,2,901.4,901.4,207.3,0.098,203.0,201.7,57.0,48.2,MEDIUM,0,0.1087,Normal,186.1,No_Incident,15.82
R005107,2026-07-25 10:45,HIGH_LOAD_OPERATION,EXC-208,Excavator,Large Excavator (30t class),6298.3,4.2,82.7,66.8,0.7,26.97,75.3,80.0,OP1076,Experienced,6.5,Morning,75.4,15.7,92.3,2,52.3,3.2,102.9,316,28.5,Power,Stationary,2,3,17,85.2,1,Fastened,14.01,No_Object,0,1.5,Clear,0,0,Light_Rain,75.8,28.8,0.0,Wet,Flat,Zone B,Daylight,TSK-005107,Loading,1,1011.6,1011.6,187.8,0.915,192.2,161.0,67.4,15.9,LOW,0,0.2463,Normal,13.6,No_Incident,15.01
R028215,2026-07-25 17:34,EXCESSIVE_IDLE,EXC-207,Excavator,Large Excavator (30t class),8498.6,5.4,79.7,59.6,0.5,12.09,77.6,55.9,OP1008,Experienced,6.8,Afternoon,69.6,26.6,81.5,0,63.2,2.83,85.6,135,32.7,Eco,Swinging,2,5,6,87.7,2,Unfastened,18.61,No_Object,0,2.1,Clear,0,0,Cloudy,71.6,31.6,13.3,Dry,Flat,Zone B,Dawn_Dusk,TSK-028215,Loading,2,379.7,379.7,94.6,0.627,72.1,88.9,18.3,21.4,LOW,1,0.7703,Excessive_Idle,34.2,No_Incident,20.76
R012857,2026-07-25 19:05,LOW_VISIBILITY,EXC-216,Excavator,Medium Excavator (20t class),14402.1,9.9,83.6,65.4,2.51,16.63,53.5,73.4,OP1019,Intermediate,2.7,Afternoon,76.9,18.9,74.0,1,50.5,1.73,88.5,566,44.8,Power,Reverse,8,2,23,73.1,2,Fastened,4.44,Vehicle,0,2.8,Warning,0,0,Fog,37.8,28.1,27.2,Dry,Flat,Zone B,Daylight,TSK-012857,Loading,3,979.5,979.5,288.4,0.139,248.1,332.1,91.1,39.9,MEDIUM,0,0.1112,Normal,271.8,No_Incident,10.75
R017665,2026-07-26 00:58,HIGH_FUEL_CONSUMPTION,EXC-218,Excavator,Medium Excavator (20t class),9209.4,7.4,87.4,68.0,1.96,28.29,68.1,87.8,OP1023,Intermediate,2.4,Night,70.1,14.9,66.5,0,41.4,1.67,81.8,180,11.0,Power,Forward,1,0,14,71.3,0,Fastened,12.79,Material_Pile,0,16.0,Clear,0,0,Clear,70.1,23.5,22.7,Dry,Embankment,Zone E,Night_Floodlit,TSK-017665,Excavation,3,299.4,299.4,94.1,0.418,79.8,90.5,42.4,49.3,MEDIUM,1,1.0,Abnormal_Fuel,55.4,No_Incident,7.06
R023034,2026-07-26 08:44,NORMAL_OPERATION,WHL-316,Wheel Loader,Large Wheel Loader,14613.2,9.9,83.5,68.5,4.34,19.14,61.6,71.4,OP1113,Intermediate,4.5,Morning,76.9,21.0,71.4,0,51.1,4.61,63.0,116,12.1,Power,Forward,0,0,8,73.6,2,Fastened,6.34,Vehicle,0,10.2,Clear,0,0,Clear,88.1,30.8,44.1,Loose,Stockpile,Zone D,Daylight,TSK-023034,Loading,1,532.1,532.1,102.7,0.193,84.7,100.5,34.3,32.3,MEDIUM,0,0.0662,Normal,79.3,No_Incident,15.5
R000088,2026-07-26 10:16,EXCESSIVE_IDLE,EXC-212,Excavator,Large Excavator (30t class),1830.5,1.0,80.4,57.8,2.14,15.18,82.2,65.7,OP1018,Experienced,6.1,Morning,70.6,21.9,67.2,1,62.4,2.28,74.0,286,67.5,Standard,Forward,0,0,19,83.5,4,Fastened,16.99,No_Object,0,2.1,Clear,0,0,Dust_Wind,53.8,29.4,72.6,Dry,Flat,Zone A,Daylight,TSK-000088,Excavation,2,650.5,650.5,152.6,0.118,130.1,203.5,50.4,13.8,LOW,1,0.992,Excessive_Idle,175.9,No_Incident,12.92
R037802,2026-07-26 15:00,EFFICIENT_OPERATION,EXC-207,Excavator,Large Excavator (30t class),8507.9,5.4,83.6,65.9,0.17,19.37,79.2,70.0,OP1059,Expert,10.4,Afternoon,84.7,19.6,85.1,5,71.9,2.27,70.9,197,13.4,Standard,Swinging,1,0,11,89.5,3,Fastened,10.73,Material_Pile,0,2.8,Clear,0,0,Cloudy,80.5,35.0,25.2,Dry,Flat,Zone C,Dawn_Dusk,TSK-037802,Trenching,3,447.5,447.5,126.0,0.726,116.3,136.2,44.1,11.8,LOW,0,0.1195,Normal,39.7,No_Incident,10.15
R023159,2026-07-26 18:01,EXCESSIVE_IDLE,WHL-315,Wheel Loader,Medium Wheel Loader,10327.9,7.3,81.0,56.6,7.78,7.77,71.3,50.7,OP1048,Intermediate,3.9,Afternoon,77.6,17.5,64.3,1,57.6,3.16,72.6,133,41.9,Eco,Forward,1,0,11,75.7,2,Fastened,8.53,Structure,0,4.9,Clear,0,0,Clear,85.4,30.0,44.1,Dry,Haul_Road,Zone B,Dawn_Dusk,TSK-023159,Loading,2,417.7,417.7,117.9,0.401,89.4,141.0,18.4,15.3,LOW,1,0.9992,Excessive_Idle,85.1,No_Incident,22.73
R009268,2026-07-27 06:28,EXCESSIVE_IDLE,WHL-316,Wheel Loader,Large Wheel Loader,14407.1,9.91,80.3,61.0,4.88,17.94,63.4,65.6,OP1113,Intermediate,4.5,Morning,76.9,21.0,71.3,0,51.1,4.77,70.1,191,89.5,Power,Forward,4,1,7,76.0,2,Fastened,9.51,Vehicle,0,7.5,Clear,0,0,Fog,35.8,23.7,29.7,Dry,Haul_Road,Zone F,Daylight,TSK-009268,Stockpiling,2,910.7,910.7,183.3,0.76,152.6,259.6,79.6,20.5,LOW,1,0.9708,Excessive_Idle,70.1,No_Incident,11.45
R028947,2026-07-27 10:21,STEEP_TERRAIN,EXC-210,Excavator,Medium Excavator (20t class),3827.3,2.51,81.3,65.0,0.46,15.36,80.1,89.0,OP1115,Intermediate,3.0,Morning,71.6,16.6,53.6,1,45.2,1.8,88.8,234,31.9,Standard,Swinging,2,4,10,69.0,1,Fastened,18.05,No_Object,0,13.4,Clear,1,1,Fog,31.7,25.0,32.0,Loose,Embankment,Zone E,Daylight,TSK-028947,Trenching,2,421.6,421.6,183.8,0.527,146.1,205.3,51.8,64.6,HIGH,0,0.043,Normal,105.1,Stability_Loss,8.14
R007697,2026-07-27 15:58,EFFICIENT_OPERATION,WHL-304,Wheel Loader,Medium Wheel Loader,5947.0,4.41,80.8,58.9,6.02,9.44,80.9,61.9,OP1101,Experienced,5.7,Afternoon,75.1,37.5,76.7,1,67.7,3.81,82.0,158,33.2,Standard,Forward,2,1,6,99.1,0,Fastened,17.7,Worker,0,1.5,Clear,0,0,Cloudy,78.9,35.6,29.9,Dry,Flat,Zone B,Daylight,TSK-007697,Loading,2,597.9,597.9,190.3,0.448,127.9,126.6,20.0,10.5,LOW,0,0.0615,Normal,75.2,No_Incident,29.83
R039861,2026-07-27 23:13,HIGH_LOAD_OPERATION,WHL-302,Wheel Loader,Medium Wheel Loader,11192.5,7.31,83.2,63.6,6.24,17.08,73.8,75.9,OP1043,Expert,10.4,Night,83.5,13.6,87.2,4,58.2,4.18,92.6,279,21.3,Power,Reverse,2,3,18,79.1,1,Fastened,7.87,Structure,0,3.8,Clear,0,0,Cloudy,63.2,25.2,32.2,Dry,Haul_Road,Zone F,Night_Floodlit,TSK-039861,Material_Transfer,2,1165.8,1165.8,275.3,0.755,301.9,208.3,60.2,30.1,MEDIUM,0,0.0497,Normal,47.4,No_Incident,19.38
R001718,2026-07-28 08:23,LOW_VISIBILITY,EXC-214,Excavator,Large Excavator (30t class),11586.0,8.51,83.3,62.3,2.55,17.19,64.9,71.6,OP1094,Expert,11.1,Morning,97.2,21.9,83.9,5,77.2,2.23,68.7,199,21.5,Standard,Forward,1,1,6,97.1,0,Fastened,10.79,Worker,0,7.3,Clear,0,0,Fog,29.7,29.5,13.3,Dry,Trench_Edge,Zone C,Daylight,TSK-001718,Excavation,2,504.4,441.7,109.5,0.617,100.9,134.6,37.8,28.4,LOW,0,0.0199,Normal,51.7,No_Incident,11.69
R000866,2026-07-28 11:15,NORMAL_OPERATION,WHL-306,Wheel Loader,Large Wheel Loader,9568.2,5.91,79.1,59.8,0.62,16.51,66.9,46.4,OP1062,Experienced,5.1,Morning,76.7,22.4,90.2,1,58.1,5.63,86.1,97,22.6,Eco,Stationary,2,2,19,81.2,5,Fastened,13.0,No_Object,0,1.2,Clear,0,0,Light_Rain,62.2,28.0,22.0,Wet,Haul_Road,Zone F,Daylight,TSK-000866,Material_Transfer,2,542.9,542.9,123.7,0.936,104.7,127.1,34.3,24.2,LOW,0,0.277,Normal,8.3,No_Incident,15.85
R013865,2026-07-28 18:52,HIGH_LOAD_OPERATION,EXC-222,Excavator,Medium Excavator (20t class),9735.9,6.31,84.9,64.7,0.33,20.38,79.8,87.5,OP1061,Experienced,8.4,Afternoon,84.6,17.0,92.5,3,68.2,2.18,107.9,471,28.9,Power,Stationary,3,2,9,75.1,3,Fastened,11.88,No_Object,0,9.1,Clear,1,1,Light_Rain,59.3,30.7,21.1,Wet,Stockpile,Zone D,Dawn_Dusk,TSK-013865,Loading,1,1028.2,1028.2,256.1,0.887,260.5,173.1,56.4,40.9,MEDIUM,0,0.1386,Normal,18.9,Stability_Loss,18.22
R004090,2026-07-29 01:38,HIGH_LOAD_OPERATION,WHL-316,Wheel Loader,Large Wheel Loader,14492.4,9.91,85.0,70.9,5.53,17.69,60.9,79.3,OP1089,Expert,11.3,Night,77.0,25.1,80.6,8,63.9,7.07,106.7,195,71.5,Standard,Forward,3,6,22,78.4,5,Fastened,18.51,Material_Pile,0,7.8,Clear,0,0,Cloudy,62.7,24.9,28.6,Dry,Stockpile,Zone D,Night_Floodlit,TSK-004090,Loading,2,1374.4,1374.4,238.4,0.196,218.9,272.5,81.2,69.1,HIGH,0,0.1726,Normal,222.6,No_Incident,16.92
R029594,2026-07-29 02:24,PROXIMITY_HAZARD,EXC-202,Excavator,Medium Excavator (20t class),14353.7,10.51,82.7,56.9,3.12,14.3,56.4,62.1,OP1002,Experienced,5.2,Night,77.3,26.5,90.2,2,67.8,1.39,69.5,301,29.4,Standard,Forward,4,2,19,83.2,6,Fastened,1.12,Worker,0,2.6,Violated,1,1,Cloudy,64.7,24.3,8.9,Dry,Flat,Zone B,Night_Floodlit,TSK-029594,Loading,2,419.3,419.3,160.5,0.675,106.2,126.7,29.0,88.5,CRITICAL,0,0.4945,Normal,42.3,Stability_Loss,14.45
R006110,2026-07-30 06:36,NORMAL_OPERATION,EXC-212,Excavator,Large Excavator (30t class),2043.4,1.01,83.4,62.2,0.43,19.24,84.9,75.4,OP1018,Experienced,6.1,Morning,70.6,21.9,72.7,1,62.4,2.26,70.1,236,22.6,Standard,Stationary,0,0,6,75.5,0,Fastened,16.21,Vehicle,1,7.7,Clear,0,0,Light_Rain,68.8,29.7,2.7,Wet,Gentle_Slope,Zone A,Daylight,TSK-006110,Excavation,2,533.0,533.0,122.4,0.564,106.6,122.0,39.3,22.0,LOW,0,0.1959,Normal,52.9,No_Incident,13.56
R026691,2026-07-30 17:54,STEEP_TERRAIN,WHL-312,Wheel Loader,Medium Wheel Loader,6691.1,4.11,82.9,66.0,3.01,16.14,78.7,82.9,OP1084,Experienced,6.3,Afternoon,88.8,14.5,93.9,2,70.6,3.32,75.1,362,45.8,Power,Forward,9,1,49,78.0,3,Fastened,17.16,Worker,0,25.6,Clear,0,0,Light_Rain,66.0,30.5,6.2,Wet,Embankment,Zone E,Daylight,TSK-026691,Material_Transfer,4,1200.3,1200.3,280.5,0.376,310.8,425.2,111.3,72.9,HIGH,0,0.071,Normal,258.5,No_Incident,10.78
R020236,2026-07-31 15:01,UNSAFE_OPERATION,WHL-307,Wheel Loader,Large Wheel Loader,5262.0,3.42,84.3,62.7,7.74,17.43,78.9,66.2,OP1012,Intermediate,4.1,Afternoon,74.1,17.3,72.7,1,52.0,6.18,88.1,135,19.8,Standard,Reverse,4,3,63,66.7,6,Fastened,2.84,Material_Pile,0,6.8,Violated,1,1,Cloudy,77.4,34.2,23.5,Dry,Haul_Road,Zone B,Dawn_Dusk,TSK-020236,Loading,1,831.5,831.5,140.9,0.458,132.4,134.6,38.1,57.1,HIGH,1,0.9841,Unusual_Speed,74.6,Harsh_Maneuver,21.8
R027367,2026-08-01 07:19,UNSAFE_OPERATION,EXC-219,Excavator,Large Excavator (30t class),3620.8,2.52,79.4,58.6,4.64,20.59,88.5,70.9,OP1096,Intermediate,2.5,Morning,76.6,12.8,68.4,3,49.0,2.89,91.7,375,23.3,Standard,Forward,7,9,26,64.7,3,Fastened,4.43,Material_Pile,0,8.5,Warning,0,0,Clear,88.5,29.6,34.5,Dry,Haul_Road,Zone B,Daylight,TSK-027367,Loading,2,1081.9,1081.9,264.5,0.537,205.6,183.1,63.9,38.5,MEDIUM,1,0.9987,Unusual_Speed,87.9,No_Incident,16.93
R036529,2026-08-01 10:32,STEEP_TERRAIN,EXC-211,Excavator,Medium Excavator (20t class),4554.9,3.22,83.4,60.7,2.4,15.06,78.0,75.9,OP1021,Intermediate,2.0,Morning,80.2,9.9,79.5,0,65.0,1.37,69.5,385,16.9,Standard,Reverse,3,3,10,86.4,2,Fastened,8.59,Vehicle,0,18.4,Clear,0,0,Light_Rain,67.2,24.4,11.9,Wet,Gentle_Slope,Zone E,Daylight,TSK-036529,Backfilling,4,525.6,525.6,113.1,0.867,119.1,209.7,52.5,35.2,MEDIUM,0,0.0603,Normal,25.7,No_Incident,10.0
R006370,2026-08-01 15:12,EXCESSIVE_IDLE,WHL-306,Wheel Loader,Large Wheel Loader,9672.8,5.92,83.5,62.3,4.7,16.84,63.4,53.1,OP1013,Experienced,5.5,Afternoon,72.1,17.2,68.0,2,46.1,3.36,47.7,377,127.0,Standard,Forward,31,13,63,82.2,5,Fastened,13.73,No_Object,0,7.5,Clear,0,0,Heavy_Rain,48.4,30.0,15.3,Muddy,Gentle_Slope,Zone F,Dawn_Dusk,TSK-006370,Material_Transfer,2,1264.3,1264.3,258.0,0.142,243.7,715.3,217.9,44.6,MEDIUM,0,0.3802,Normal,634.0,No_Incident,5.8
R032873,2026-08-01 17:14,HIGH_LOAD_OPERATION,WHL-315,Wheel Loader,Medium Wheel Loader,10158.5,7.32,86.5,65.0,7.92,15.67,71.9,81.3,OP1048,Intermediate,3.9,Afternoon,77.6,17.5,70.5,1,57.6,4.68,103.4,86,9.7,Power,Forward,0,2,2,65.3,2,Fastened,9.39,Vehicle,0,4.4,Clear,0,0,Cloudy,89.5,32.3,43.5,Dry,Haul_Road,Zone F,Daylight,TSK-032873,Stockpiling,1,398.3,398.3,118.7,0.862,89.7,65.0,17.3,36.5,MEDIUM,0,0.1652,Normal,9.4,No_Incident,23.05
R021686,2026-08-01 22:53,STEEP_TERRAIN,EXC-209,Excavator,Medium Excavator (20t class),10840.2,8.72,81.8,61.1,0.78,15.42,76.2,77.7,OP1069,Intermediate,3.2,Night,68.9,27.8,65.4,0,68.7,1.18,56.4,121,31.1,Power,Swinging,1,1,1,69.7,2,Fastened,19.34,No_Object,0,15.4,Clear,0,0,Heavy_Rain,31.5,20.5,12.6,Muddy,Embankment,Zone E,Night_Floodlit,TSK-021686,Trenching,3,142.2,142.2,71.5,0.083,49.3,123.0,33.0,49.4,MEDIUM,0,0.1591,Normal,111.6,No_Incident,4.31
R036674,2026-08-02 14:46,NORMAL_OPERATION,EXC-201,Excavator,Large Excavator (30t class),9154.6,5.92,84.6,64.1,0.55,22.54,75.7,80.8,OP1045,Experienced,8.9,Afternoon,71.9,25.4,76.6,1,56.9,3.21,96.4,328,41.1,Power,Swinging,0,0,15,82.6,2,Fastened,16.18,No_Object,0,2.1,Clear,0,0,Cloudy,81.3,31.9,29.1,Dry,Flat,Zone D,Daylight,TSK-036674,Loading,2,1052.1,1052.1,256.1,0.939,199.9,176.7,67.0,10.7,LOW,0,0.0581,Normal,12.0,No_Incident,15.7
R033255,2026-08-02 15:56,HIGH_LOAD_OPERATION,EXC-217,Excavator,Medium Excavator (20t class),8473.4,6.22,89.1,69.9,0.47,20.51,66.6,90.2,OP1017,Novice,1.3,Afternoon,66.2,16.2,66.0,0,37.4,2.13,103.1,218,17.4,Power,Swinging,2,1,18,57.0,4,Unfastened,7.15,Structure,0,9.2,Clear,0,0,Light_Rain,77.5,29.8,7.5,Dry,Trench_Edge,Zone C,Daylight,TSK-033255,Excavation,3,464.4,464.4,145.8,0.698,123.8,129.2,41.7,60.5,HIGH,0,0.1611,Normal,42.2,No_Incident,11.14
R004636,2026-08-02 18:11,NORMAL_OPERATION,EXC-206,Excavator,Large Excavator (30t class),12287.5,10.22,84.2,64.4,0.33,19.16,64.3,72.3,OP1057,Intermediate,3.8,Afternoon,79.6,14.3,71.4,1,61.1,2.39,76.9,222,15.8,Eco,Swinging,0,2,19,75.9,3,Fastened,18.92,No_Object,0,14.5,Clear,0,0,Light_Rain,70.5,32.8,7.4,Dry,Embankment,Zone E,Daylight,TSK-004636,Excavation,1,531.4,531.4,115.3,0.1,106.3,124.6,41.4,43.9,MEDIUM,0,0.0943,Normal,115.1,No_Incident,12.83
R009821,2026-08-02 18:14,NORMAL_OPERATION,EXC-221,Excavator,Large Excavator (30t class),13765.3,8.62,85.8,66.2,1.57,17.45,66.6,73.9,OP1041,Intermediate,2.6,Afternoon,74.5,19.2,62.1,2,41.5,2.46,80.9,178,27.3,Eco,Forward,3,2,13,81.4,1,Fastened,9.12,Worker,1,8.4,Clear,0,1,Heavy_Rain,44.2,29.8,8.2,Muddy,Embankment,Zone A,Dawn_Dusk,TSK-009821,Excavation,2,435.9,435.9,107.0,0.511,87.2,168.4,50.3,80.7,CRITICAL,0,0.0812,Normal,87.1,Proximity_Near_Miss,8.67
R001912,2026-08-02 19:08,NORMAL_OPERATION,EXC-223,Excavator,Large Excavator (30t class),9684.0,7.42,81.3,64.0,0.33,16.54,80.2,71.1,OP1081,Experienced,5.7,Afternoon,64.4,43.9,78.0,0,59.0,2.94,88.1,230,45.9,Standard,Swinging,2,2,7,77.2,2,Fastened,5.18,Worker,0,5.2,Warning,0,0,Clear,94.2,31.5,24.4,Dry,Trench_Edge,Zone C,Daylight,TSK-001912,Backfilling,5,673.8,673.8,163.1,0.698,114.5,157.8,42.7,10.8,LOW,0,0.0963,Normal,50.0,No_Incident,15.8
R023752,2026-08-03 02:05,HIGH_LOAD_OPERATION,EXC-203,Excavator,Large Excavator (30t class),14234.0,9.02,84.2,66.2,2.19,15.06,54.9,68.8,OP1069,Intermediate,3.2,Night,68.9,27.8,65.3,0,68.7,3.29,102.2,150,44.2,Standard,Forward,0,3,8,84.2,1,Fastened,12.15,No_Object,0,3.1,Clear,0,0,Light_Rain,53.3,23.8,11.7,Wet,Flat,Zone B,Night_Floodlit,TSK-023752,Loading,3,922.8,493.0,241.7,0.175,175.3,175.5,42.7,47.3,MEDIUM,0,0.0906,Normal,147.0,No_Incident,11.54
R011379,2026-08-03 10:38,HIGH_LOAD_OPERATION,WHL-311,Wheel Loader,Medium Wheel Loader,2622.3,1.62,80.4,68.1,5.83,10.25,77.1,76.5,OP1117,Experienced,8.3,Morning,83.0,17.5,76.7,0,66.9,4.84,105.4,62,17.1,Power,Reverse,5,1,1,94.4,2,Fastened,5.58,Material_Pile,0,0.0,Warning,0,0,Cloudy,90.6,29.2,23.8,Dry,Flat,Zone B,Daylight,TSK-011379,Loading,4,357.8,297.4,85.0,0.324,76.5,105.6,18.4,14.3,LOW,0,0.1607,Normal,67.4,No_Incident,16.15
R009614,2026-08-03 10:43,PROXIMITY_HAZARD,EXC-217,Excavator,Medium Excavator (20t class),8693.8,6.22,82.0,66.4,2.14,12.48,66.0,71.1,OP1028,Intermediate,3.7,Morning,72.6,29.3,70.5,1,57.4,1.57,78.2,482,58.1,Standard,Reverse,2,2,29,90.4,4,Fastened,0.63,Worker,1,5.0,Violated,1,1,Fog,33.7,31.8,29.8,Dry,Gentle_Slope,Zone E,Daylight,TSK-009614,Excavation,3,754.6,754.6,232.5,0.425,201.2,301.4,63.1,98.2,CRITICAL,0,0.1438,Normal,171.6,Proximity_Near_Miss,11.96
R037597,2026-08-03 15:23,EFFICIENT_OPERATION,EXC-207,Excavator,Large Excavator (30t class),8621.6,5.42,81.5,61.6,0.17,17.02,78.2,63.8,OP1059,Expert,10.4,Afternoon,84.7,19.6,84.8,5,71.9,2.14,70.3,406,28.6,Eco,Swinging,0,2,23,88.0,1,Fastened,9.85,Vehicle,0,3.3,Clear,0,0,Light_Rain,70.0,31.1,7.5,Wet,Gentle_Slope,Zone A,Daylight,TSK-037597,Excavation,3,865.2,865.2,174.7,0.375,173.0,230.2,63.3,7.7,LOW,0,0.2245,Normal,147.0,No_Incident,13.68
R001416,2026-08-03 16:12,NORMAL_OPERATION,EXC-208,Excavator,Large Excavator (30t class),6357.4,4.22,86.6,70.9,2.25,29.22,79.1,86.9,OP1072,Novice,1.7,Afternoon,65.8,19.8,58.5,1,11.0,2.56,80.8,162,18.0,Power,Reverse,1,1,6,52.5,4,Fastened,10.2,Vehicle,0,9.1,Clear,0,0,Cloudy,77.6,34.8,21.1,Dry,Embankment,Zone A,Daylight,TSK-001416,Excavation,4,414.0,414.0,112.4,0.896,82.8,105.1,52.0,12.0,LOW,0,0.1493,Normal,11.7,No_Incident,7.97
R002885,2026-08-04 00:55,EFFICIENT_OPERATION,EXC-216,Excavator,Medium Excavator (20t class),14469.5,9.92,83.3,62.4,1.99,9.62,55.3,64.6,OP1053,Novice,0.9,Night,65.2,33.0,59.3,0,35.8,1.5,76.2,158,20.2,Eco,Forward,3,3,6,70.5,0,Fastened,13.95,No_Object,0,7.8,Clear,0,0,Light_Rain,43.8,22.6,19.9,Wet,Gentle_Slope,Zone E,Night_Floodlit,TSK-002885,Backfilling,2,236.6,236.6,84.5,0.84,53.6,97.3,15.2,51.8,MEDIUM,0,0.0504,Normal,14.2,No_Incident,15.59
R010270,2026-08-04 07:33,PROXIMITY_HAZARD,WHL-308,Wheel Loader,Large Wheel Loader,7346.8,5.63,81.0,57.4,7.77,16.75,82.7,61.9,OP1049,Intermediate,4.0,Morning,78.6,30.2,67.9,1,64.7,4.42,61.5,102,20.3,Standard,Reverse,1,0,2,83.6,2,Unfastened,1.42,Vehicle,0,5.7,Violated,0,0,Cloudy,75.1,26.9,39.0,Dry,Haul_Road,Zone F,Dawn_Dusk,TSK-010270,Material_Transfer,1,448.4,448.4,109.0,0.15,86.4,86.8,23.3,92.7,CRITICAL,0,0.043,Normal,76.5,No_Incident,19.22
R038055,2026-08-04 16:02,NORMAL_OPERATION,WHL-306,Wheel Loader,Large Wheel Loader,9578.2,5.93,81.1,57.8,5.73,15.32,67.2,40.7,OP1013,Experienced,5.5,Afternoon,72.1,17.2,72.7,2,46.1,3.7,54.8,291,40.5,Eco,Forward,10,1,45,87.4,4,Fastened,8.09,Worker,0,1.8,Clear,0,0,Cloudy,69.5,36.4,49.1,Dry,Haul_Road,Zone B,Dawn_Dusk,TSK-038055,Loading,3,1073.6,1073.6,207.1,0.124,171.0,322.7,81.1,18.2,LOW,0,0.12,Normal,292.6,No_Incident,13.24
R013042,2026-08-05 15:46,STEEP_TERRAIN,WHL-307,Wheel Loader,Large Wheel Loader,5010.5,3.43,80.5,65.6,3.96,22.58,80.0,70.8,OP1052,Experienced,6.0,Afternoon,75.1,14.1,77.7,2,59.2,4.74,70.1,125,24.5,Standard,Reverse,1,2,13,80.8,3,Fastened,11.79,No_Object,0,22.1,Clear,0,0,Clear,96.1,32.8,18.3,Loose,Stockpile,Zone A,Daylight,TSK-013042,Loading,4,590.4,590.4,93.8,0.376,94.0,163.9,61.3,39.0,MEDIUM,0,0.2678,Normal,103.6,No_Incident,9.63
R033379,2026-08-05 19:10,EXCESSIVE_IDLE,WHL-307,Wheel Loader,Large Wheel Loader,5310.9,3.43,86.6,67.0,5.54,18.68,80.8,81.9,OP1039,Intermediate,4.5,Afternoon,69.9,24.8,75.9,1,51.8,5.74,84.8,110,151.8,Power,Reverse,13,7,22,69.5,3,Fastened,6.92,Structure,0,8.3,Clear,0,0,Light_Rain,68.4,31.2,17.3,Wet,Stockpile,Zone D,Daylight,TSK-033379,Loading,3,630.5,630.5,125.1,0.389,100.4,268.6,83.6,44.5,MEDIUM,1,1.0,Excessive_Idle,160.0,No_Incident,7.54
R037177,2026-08-06 00:42,STEEP_TERRAIN,WHL-307,Wheel Loader,Large Wheel Loader,5259.5,3.43,82.9,56.6,3.47,19.12,78.2,73.4,OP1108,Novice,0.4,Night,57.4,20.3,61.9,2,14.2,4.99,65.9,146,31.5,Eco,Forward,5,0,20,64.3,4,Fastened,11.8,Worker,0,23.4,Clear,0,0,Clear,66.8,26.8,32.3,Loose,Stockpile,Zone A,Night_Floodlit,TSK-037177,Loading,2,724.5,724.5,165.6,0.335,115.4,226.1,71.4,62.6,HIGH,0,0.0841,Normal,142.8,No_Incident,10.15
R035121,2026-08-06 10:51,LOW_VISIBILITY,EXC-213,Excavator,Large Excavator (30t class),13783.5,9.93,82.7,60.7,0.04,16.54,60.3,60.8,OP1032,Intermediate,4.4,Morning,67.2,29.8,69.8,1,45.1,2.25,69.1,69,26.9,Standard,Stationary,1,1,7,71.3,2,Fastened,9.96,Worker,0,2.9,Clear,0,0,Dust_Wind,15.1,29.7,73.3,Dry,Trench_Edge,Zone C,Daylight,TSK-035121,Trenching,4,153.5,153.5,52.9,0.327,39.9,114.0,33.3,31.3,MEDIUM,0,0.0359,Normal,80.5,No_Incident,4.61
R001422,2026-08-06 17:32,NORMAL_OPERATION,EXC-216,Excavator,Medium Excavator (20t class),14514.6,9.93,84.2,67.4,1.1,13.89,56.8,70.5,OP1019,Intermediate,2.7,Afternoon,76.9,18.9,68.8,1,50.5,1.36,69.1,538,60.3,Standard,Swinging,8,8,20,67.0,5,Fastened,18.65,No_Object,0,2.0,Clear,0,0,Light_Rain,72.5,26.6,10.8,Wet,Flat,Zone A,Daylight,TSK-001422,Excavation,4,733.7,733.7,208.1,0.873,195.7,376.6,91.2,28.3,LOW,0,0.1213,Normal,50.2,No_Incident,8.04
R038997,2026-08-07 14:53,PROXIMITY_HAZARD,EXC-223,Excavator,Large Excavator (30t class),9704.4,7.44,87.1,67.4,3.08,20.88,73.2,80.4,OP1020,Novice,0.5,Afternoon,69.3,32.5,69.8,0,41.7,2.37,74.8,281,46.7,Standard,Forward,2,6,35,68.1,7,Fastened,2.75,Worker,0,9.6,Violated,0,1,Clear,93.7,34.4,21.6,Dry,Embankment,Zone E,Daylight,TSK-038997,Excavation,4,664.9,664.9,183.5,0.856,133.0,207.1,71.2,71.2,HIGH,0,0.1547,Normal,28.5,Proximity_Near_Miss,9.34
R011345,2026-08-07 17:22,NORMAL_OPERATION,EXC-202,Excavator,Medium Excavator (20t class),14238.9,10.54,84.7,61.1,0.0,13.55,55.6,71.7,OP1001,Experienced,6.2,Afternoon,75.2,11.9,66.0,2,44.5,1.58,78.1,276,18.5,Eco,Stationary,9,12,16,61.8,3,Fastened,4.92,Worker,0,9.9,Warning,0,0,Light_Rain,63.2,29.9,24.7,Wet,Stockpile,Zone D,Dawn_Dusk,TSK-011345,Loading,3,435.2,435.2,134.3,0.746,110.2,159.9,35.3,53.4,MEDIUM,1,0.5483,Repeated_Harsh_Events,36.3,No_Incident,12.31
R003769,2026-08-07 18:54,LOW_VISIBILITY,EXC-203,Excavator,Large Excavator (30t class),14149.4,9.04,84.1,63.1,0.6,15.85,55.4,64.5,OP1097,Experienced,7.0,Afternoon,82.4,37.3,85.5,2,80.2,2.75,83.9,258,65.8,Eco,Stationary,7,2,16,78.9,2,Fastened,6.67,Material_Pile,0,0.3,Clear,0,0,Clear,27.7,32.2,43.2,Dry,Haul_Road,Zone B,Night_Poor,TSK-003769,Loading,3,706.0,706.0,161.3,0.914,134.1,199.8,51.4,29.7,LOW,1,0.7006,Erratic_Control,14.7,No_Incident,13.74
R028405,2026-08-08 09:01,HIGH_LOAD_OPERATION,EXC-203,Excavator,Large Excavator (30t class),14265.0,9.04,87.8,67.9,0.37,23.66,55.5,86.1,OP1055,Experienced,8.6,Morning,71.5,27.1,78.3,3,73.5,3.25,100.2,278,39.1,Power,Swinging,5,5,13,77.5,2,Fastened,8.68,Vehicle,0,0.6,Clear,0,0,Cloudy,92.2,32.2,32.7,Dry,Flat,Zone A,Daylight,TSK-028405,Excavation,3,899.8,899.8,211.9,0.218,180.0,165.5,69.8,25.8,LOW,0,0.0839,Normal,133.4,No_Incident,12.89
R018747,2026-08-08 18:18,EFFICIENT_OPERATION,EXC-203,Excavator,Large Excavator (30t class),14071.9,9.04,82.8,62.1,0.26,17.24,56.5,56.5,OP1097,Experienced,7.0,Afternoon,82.4,37.3,85.2,2,80.2,2.39,72.9,291,25.0,Standard,Swinging,0,0,7,95.3,1,Fastened,11.5,Material_Pile,0,2.8,Clear,0,0,Cloudy,92.2,31.4,29.9,Dry,Flat,Zone C,Daylight,TSK-018747,Backfilling,1,694.6,694.6,135.7,0.406,118.1,97.9,26.8,7.4,LOW,0,0.027,Normal,54.4,No_Incident,25.89
R030810,2026-08-08 19:12,NORMAL_OPERATION,WHL-314,Wheel Loader,Medium Wheel Loader,13127.8,8.54,82.5,64.1,0.61,12.61,65.9,63.4,OP1038,Intermediate,2.7,Afternoon,72.9,18.2,90.4,0,50.0,2.84,62.3,254,51.5,Standard,Stationary,2,2,14,77.7,1,Unfastened,12.49,Worker,0,4.8,Clear,0,0,Light_Rain,73.1,32.9,15.2,Wet,Haul_Road,Zone B,Daylight,TSK-030810,Loading,3,720.2,720.2,199.7,0.792,154.1,268.3,57.3,17.7,LOW,0,0.1,Normal,48.3,No_Incident,12.57
R018805,2026-08-09 08:53,STEEP_TERRAIN,EXC-208,Excavator,Large Excavator (30t class),6330.2,4.24,84.8,63.7,0.47,20.18,77.3,86.7,OP1076,Experienced,6.5,Morning,75.4,15.7,87.7,2,52.3,2.17,70.9,380,93.8,Standard,Swinging,1,3,24,79.2,5,Fastened,15.64,No_Object,0,25.7,Clear,0,0,Heavy_Rain,46.0,26.9,13.9,Muddy,Embankment,Zone E,Daylight,TSK-018805,Excavation,4,822.2,822.2,168.6,0.742,164.4,481.6,165.6,55.7,HIGH,1,0.6736,Excessive_Idle,110.7,No_Incident,4.97
R005989,2026-08-09 09:57,POOR_WEATHER,WHL-309,Wheel Loader,Medium Wheel Loader,14148.0,10.74,79.1,56.1,5.59,10.68,66.1,62.0,OP1064,Experienced,8.2,Morning,73.8,22.8,66.2,5,51.5,3.0,62.0,309,140.1,Standard,Forward,9,7,16,80.6,8,Fastened,14.47,No_Object,0,3.5,Clear,0,0,Heavy_Rain,48.1,21.3,27.2,Muddy,Stockpile,Zone D,Daylight,TSK-005989,Material_Transfer,1,925.2,925.2,348.0,0.545,239.6,470.6,87.0,41.3,MEDIUM,0,0.3886,Normal,216.9,No_Incident,10.64
R017144,2026-08-09 10:39,NORMAL_OPERATION,EXC-224,Excavator,Large Excavator (30t class),15866.5,9.74,85.1,67.2,0.64,18.05,50.2,67.7,OP1095,Novice,1.6,Morning,68.7,16.3,59.8,1,36.4,2.5,79.9,125,9.1,Eco,Swinging,1,0,3,68.1,0,Fastened,19.05,No_Object,0,8.3,Clear,0,0,Cloudy,96.1,29.7,30.4,Dry,Gentle_Slope,Zone A,Daylight,TSK-017144,Backfilling,3,311.5,311.5,60.3,0.309,52.9,79.3,24.9,21.4,LOW,0,0.073,Normal,56.4,No_Incident,12.49
R011463,2026-08-09 16:09,NORMAL_OPERATION,EXC-202,Excavator,Medium Excavator (20t class),14327.0,10.54,84.9,61.0,0.35,10.04,57.9,41.0,OP1001,Experienced,6.2,Afternoon,75.2,11.9,68.9,2,44.5,1.25,62.0,339,16.7,Eco,Stationary,4,6,4,71.7,2,Fastened,5.77,Worker,0,2.0,Warning,0,0,Clear,89.2,37.6,9.3,Dry,Flat,Zone C,Daylight,TSK-011463,Backfilling,3,423.1,423.1,124.2,0.05,95.9,147.9,24.3,17.1,LOW,0,0.1112,Normal,142.7,No_Incident,17.43
R009570,2026-08-09 22:53,HIGH_FUEL_CONSUMPTION,WHL-301,Wheel Loader,Large Wheel Loader,12903.2,8.24,81.8,61.0,6.09,33.3,54.1,64.9,OP1050,Expert,12.2,Night,89.7,8.5,81.5,11,75.3,4.92,68.9,181,12.3,Power,Reverse,8,3,7,69.0,3,Fastened,10.57,Vehicle,0,1.7,Clear,0,0,Light_Rain,52.0,24.9,0.0,Wet,Flat,Zone D,Night_Floodlit,TSK-009570,Loading,3,889.3,889.3,131.7,0.759,141.6,179.0,94.7,56.3,HIGH,1,0.9944,Abnormal_Fuel,41.0,No_Incident,9.39
R037811,2026-08-10 09:32,POOR_WEATHER,WHL-309,Wheel Loader,Medium Wheel Loader,14044.4,10.74,83.0,61.0,5.22,14.06,64.6,71.4,OP1064,Experienced,8.2,Morning,73.8,22.8,68.7,5,51.5,3.55,81.3,307,61.7,Standard,Forward,3,0,46,77.7,5,Fastened,18.54,No_Object,0,12.9,Clear,0,0,Light_Rain,80.2,27.3,19.6,Wet,Stockpile,Zone D,Daylight,TSK-037811,Loading,3,1089.2,1089.2,275.4,0.689,233.0,342.2,75.9,50.9,MEDIUM,0,0.0426,Normal,108.2,No_Incident,14.35
R012396,2026-08-10 10:38,EFFICIENT_OPERATION,EXC-220,Excavator,Large Excavator (30t class),3952.2,2.24,79.7,59.5,0.97,19.02,83.2,59.4,OP1087,Intermediate,2.5,Morning,76.3,24.8,68.9,0,54.1,2.27,72.7,459,27.2,Standard,Swinging,3,1,18,82.7,1,Fastened,9.46,Worker,0,0.5,Clear,0,0,Cloudy,70.8,29.5,37.3,Dry,Flat,Zone B,Daylight,TSK-012396,Loading,2,1039.7,1039.7,192.7,0.692,197.5,183.2,56.9,6.5,LOW,0,0.0211,Normal,56.3,No_Incident,18.27
R033790,2026-08-10 16:59,NORMAL_OPERATION,EXC-223,Excavator,Large Excavator (30t class),9840.8,7.44,82.5,59.8,3.0,24.94,75.0,67.6,OP1072,Novice,1.7,Afternoon,65.8,19.8,60.0,1,11.0,2.35,74.6,361,34.2,Power,Reverse,5,4,15,55.2,3,Fastened,12.54,No_Object,0,1.3,Clear,0,0,Cloudy,78.9,30.7,19.4,Dry,Flat,Zone A,Dawn_Dusk,TSK-033790,Excavation,3,846.2,846.2,218.8,0.234,169.2,234.7,96.2,19.0,LOW,0,0.3042,Normal,186.1,No_Incident,8.8
R028375,2026-08-11 22:32,NORMAL_OPERATION,EXC-219,Excavator,Large Excavator (30t class),3762.4,2.55,79.8,52.2,2.52,13.76,87.1,63.6,OP1015,Expert,20.4,Night,75.9,37.1,86.4,3,84.5,2.45,74.4,208,44.6,Standard,Reverse,2,3,2,82.4,1,Unfastened,7.21,Worker,0,6.0,Clear,0,0,Light_Rain,57.3,24.0,13.0,Dry,Gentle_Slope,Zone C,Night_Floodlit,TSK-028375,Backfilling,2,507.5,507.5,95.8,0.258,86.3,120.2,26.8,18.8,LOW,0,0.2227,Normal,91.1,No_Incident,18.93
R027883,2026-08-12 00:35,LOW_VISIBILITY,EXC-216,Excavator,Medium Excavator (20t class),14761.7,9.95,79.7,59.8,2.09,11.73,57.6,58.0,OP1092,Novice,0.6,Night,67.1,21.2,64.5,0,43.2,1.54,75.8,268,43.6,Eco,Forward,2,2,25,75.0,1,Fastened,11.82,Worker,0,7.7,Clear,0,0,Dust_Wind,27.5,24.6,61.6,Dry,Gentle_Slope,Zone A,Night_Poor,TSK-027883,Backfilling,4,411.0,411.0,107.8,0.764,93.1,216.1,43.3,43.3,MEDIUM,0,0.0477,Normal,47.8,No_Incident,9.49
R036439,2026-08-12 02:22,PROXIMITY_HAZARD,WHL-315,Wheel Loader,Medium Wheel Loader,10244.9,7.35,80.0,56.4,6.26,12.77,71.5,54.8,OP1043,Expert,10.4,Night,83.5,13.6,85.8,4,58.2,3.1,66.6,199,18.4,Standard,Forward,0,0,24,86.2,1,Fastened,1.62,Vehicle,1,2.1,Violated,0,1,Light_Rain,47.8,22.7,9.8,Wet,Flat,Zone B,Night_Floodlit,TSK-036439,Material_Transfer,1,616.0,616.0,139.8,0.608,159.5,160.9,34.8,81.4,CRITICAL,0,0.1182,Normal,67.5,Vehicle_Interaction,17.71
R013256,2026-08-12 07:56,HIGH_FUEL_CONSUMPTION,EXC-208,Excavator,Large Excavator (30t class),6220.8,4.25,79.6,62.7,0.0,22.46,75.0,73.2,OP1110,Experienced,5.6,Morning,67.3,36.6,73.1,2,62.7,2.34,72.7,238,68.0,Power,Stationary,0,1,10,81.6,4,Fastened,7.67,Material_Pile,0,2.7,Clear,0,0,Cloudy,84.8,26.4,25.4,Loose,Trench_Edge,Zone C,Daylight,TSK-013256,Excavation,3,812.7,554.3,245.9,0.525,162.5,221.7,86.9,10.0,LOW,1,0.9999,Abnormal_Fuel,96.2,No_Incident,6.38
R004138,2026-08-12 08:01,PROXIMITY_HAZARD,WHL-308,Wheel Loader,Large Wheel Loader,7417.6,5.65,78.7,57.9,6.5,16.4,79.9,60.8,OP1049,Intermediate,4.0,Morning,78.6,30.2,74.0,1,64.7,5.41,77.0,172,68.7,Standard,Forward,4,6,15,77.3,4,Fastened,0.61,Worker,1,0.7,Violated,1,1,Heavy_Rain,38.3,28.1,7.4,Wet,Flat,Zone D,Daylight,TSK-004138,Stockpiling,3,929.4,929.4,233.9,0.863,155.8,245.4,66.6,99.7,CRITICAL,0,0.112,Normal,31.1,Proximity_Near_Miss,13.95
R009578,2026-08-12 08:07,PROXIMITY_HAZARD,EXC-208,Excavator,Large Excavator (30t class),6138.9,4.25,83.3,62.8,2.39,22.58,74.1,70.7,OP1070,Experienced,7.5,Morning,84.4,15.0,76.5,2,60.9,2.16,71.8,126,7.4,Standard,Reverse,1,1,11,64.1,2,Fastened,3.13,Worker,0,5.8,Warning,0,0,Cloudy,96.4,28.3,27.6,Dry,Gentle_Slope,Zone E,Daylight,TSK-009578,Excavation,2,270.6,270.6,60.9,0.701,54.1,55.3,20.5,39.9,MEDIUM,0,0.296,Normal,15.9,No_Incident,13.17
R019604,2026-08-12 16:37,NORMAL_OPERATION,EXC-214,Excavator,Large Excavator (30t class),11635.2,8.55,85.3,66.6,3.08,23.34,63.6,80.2,OP1041,Intermediate,2.6,Afternoon,74.5,19.2,61.9,2,41.5,2.41,78.5,150,30.6,Power,Forward,2,4,12,80.0,2,Fastened,6.85,Material_Pile,0,0.4,Clear,0,0,Cloudy,81.3,30.1,37.0,Dry,Flat,Zone C,Daylight,TSK-019604,Trenching,5,359.8,359.8,130.9,0.214,93.6,148.5,56.0,19.7,LOW,0,0.1268,Normal,123.0,No_Incident,6.43
R038319,2026-08-13 10:15,STEEP_TERRAIN,WHL-315,Wheel Loader,Medium Wheel Loader,10322.5,7.35,85.8,65.6,3.44,16.73,64.9,88.9,OP1054,Expert,13.9,Morning,77.6,21.2,81.4,4,64.6,3.05,69.7,144,32.9,Power,Forward,6,6,14,83.1,4,Fastened,15.12,No_Object,0,22.8,Clear,0,0,Light_Rain,84.2,27.9,13.1,Loose,Embankment,Zone E,Daylight,TSK-038319,Stockpiling,3,436.3,436.3,109.4,0.694,98.3,183.9,51.3,67.1,HIGH,0,0.1197,Normal,56.0,No_Incident,8.51
R026799,2026-08-13 18:49,NORMAL_OPERATION,EXC-216,Excavator,Medium Excavator (20t class),14618.2,9.95,83.7,69.2,0.03,13.39,55.7,71.9,OP1019,Intermediate,2.7,Afternoon,76.9,18.9,71.6,1,50.5,1.72,86.6,238,28.9,Standard,Stationary,5,1,8,70.8,3,Fastened,8.15,Vehicle,0,3.7,Clear,0,0,Cloudy,68.1,35.0,21.7,Dry,Trench_Edge,Zone C,Dawn_Dusk,TSK-026799,Trenching,3,409.1,409.1,160.5,0.394,141.8,172.6,39.7,18.4,LOW,0,0.2105,Normal,102.5,No_Incident,10.31
R038670,2026-08-14 00:12,NORMAL_OPERATION,EXC-218,Excavator,Medium Excavator (20t class),9155.7,7.45,81.3,59.6,0.57,14.35,66.1,69.2,OP1073,Experienced,6.0,Night,68.6,26.7,80.4,2,49.4,1.42,72.3,499,47.9,Standard,Swinging,5,2,17,86.3,3,Fastened,7.78,Vehicle,0,3.5,Clear,0,0,Clear,75.0,21.9,31.0,Dry,Gentle_Slope,Zone A,Night_Floodlit,TSK-038670,Excavation,3,707.1,707.1,215.7,0.254,188.6,236.5,58.0,20.1,LOW,0,0.2064,Normal,185.7,No_Incident,12.18
R019825,2026-08-14 06:27,NORMAL_OPERATION,EXC-208,Excavator,Large Excavator (30t class),6244.0,4.25,79.3,57.0,0.69,16.99,78.0,63.8,OP1110,Experienced,5.6,Morning,67.3,36.6,73.6,2,62.7,2.15,65.3,314,59.4,Standard,Stationary,0,1,5,80.5,1,Fastened,8.31,Worker,0,1.0,Clear,0,0,Fog,25.9,23.2,17.3,Dry,Flat,Zone A,Dawn_Dusk,TSK-019825,Excavation,3,671.8,671.8,176.6,0.887,134.4,234.5,66.9,12.9,LOW,0,0.0568,Normal,23.4,No_Incident,10.05
R001881,2026-08-15 11:17,HIGH_FUEL_CONSUMPTION,EXC-208,Excavator,Large Excavator (30t class),6330.0,4.26,80.8,63.0,0.74,25.8,76.0,71.7,OP1076,Experienced,6.5,Morning,75.4,15.7,87.3,2,52.3,2.75,84.0,225,18.5,Power,Stationary,0,2,7,93.6,2,Unfastened,6.55,Material_Pile,0,0.2,Clear,0,0,Cloudy,79.4,30.3,30.2,Dry,Flat,Zone B,Daylight,TSK-001881,Loading,3,616.9,616.9,132.1,0.797,117.2,108.1,46.0,13.5,LOW,0,0.3467,Normal,22.0,No_Incident,13.42
R029375,2026-08-15 23:54,STEEP_TERRAIN,EXC-224,Excavator,Large Excavator (30t class),16016.0,9.76,86.2,61.7,0.95,17.71,54.4,78.7,OP1090,Experienced,8.5,Night,85.2,25.5,88.9,4,80.5,2.39,75.8,189,37.3,Eco,Swinging,5,3,15,85.4,3,Unfastened,12.39,No_Object,0,26.5,Clear,0,1,Light_Rain,54.2,21.1,7.1,Wet,Embankment,Zone A,Night_Floodlit,TSK-029375,Excavation,3,451.4,451.4,102.2,0.579,90.3,180.4,53.8,91.2,CRITICAL,0,0.3936,Normal,72.2,Stability_Loss,8.39
R023361,2026-08-17 10:15,UNSAFE_OPERATION,EXC-207,Excavator,Large Excavator (30t class),8687.2,5.46,83.2,60.4,1.74,23.84,81.0,77.2,OP1016,Intermediate,2.4,Morning,80.9,18.7,79.3,1,52.7,2.18,67.9,357,43.3,Standard,Reverse,25,19,35,58.9,3,Fastened,4.81,Vehicle,1,18.6,Warning,1,1,Heavy_Rain,38.4,20.9,4.1,Wet,Embankment,Zone E,Daylight,TSK-023361,Excavation,2,777.0,777.0,178.2,0.171,155.4,290.6,114.0,93.8,CRITICAL,1,0.9968,Repeated_Harsh_Events,243.4,Stability_Loss,6.82
R008854,2026-08-18 08:22,EFFICIENT_OPERATION,WHL-307,Wheel Loader,Large Wheel Loader,5294.9,3.47,76.4,50.4,4.6,13.83,80.5,46.5,OP1078,Expert,12.2,Morning,65.9,22.0,59.0,4,61.1,5.03,72.2,229,40.4,Eco,Reverse,2,4,19,77.3,8,Fastened,9.91,Worker,0,1.8,Clear,0,0,Heavy_Rain,34.5,21.6,4.8,Muddy,Flat,Zone B,Dawn_Dusk,TSK-008854,Material_Transfer,4,1243.0,1149.2,279.1,0.503,239.6,424.2,97.6,24.1,LOW,0,0.0398,Normal,219.3,No_Incident,11.77
R014470,2026-08-19 02:36,NORMAL_OPERATION,WHL-316,Wheel Loader,Large Wheel Loader,14684.2,9.97,82.0,57.8,4.48,16.37,59.5,61.7,OP1099,Experienced,6.7,Night,68.8,33.6,79.5,1,55.9,4.82,74.0,216,74.8,Eco,Forward,5,1,21,73.5,7,Fastened,6.28,Vehicle,0,13.2,Clear,0,0,Light_Rain,56.0,20.7,19.2,Dry,Stockpile,Zone D,Night_Floodlit,TSK-014470,Loading,3,1038.6,1038.6,221.4,0.241,165.4,336.7,91.8,65.0,HIGH,0,0.1118,Normal,263.4,No_Incident,11.31
R028656,2026-08-19 07:09,UNSAFE_OPERATION,WHL-313,Wheel Loader,Medium Wheel Loader,6966.7,4.37,83.4,65.8,10.47,17.44,74.6,71.2,OP1062,Experienced,5.1,Morning,76.7,22.4,92.8,1,58.1,3.38,75.1,374,69.4,Power,Forward,2,3,55,67.5,6,Unfastened,3.62,Worker,0,10.0,Warning,1,0,Clear,97.1,29.7,25.0,Dry,Gentle_Slope,Zone F,Daylight,TSK-028656,Material_Transfer,4,1263.8,1263.8,348.1,0.854,327.3,427.5,125.5,81.9,CRITICAL,1,0.9878,Unusual_Speed,64.2,No_Incident,10.07
R030663,2026-08-20 06:10,MACHINE_OVERHEATING,EXC-214,Excavator,Large Excavator (30t class),11702.8,8.57,108.2,86.4,0.0,14.39,39.8,48.5,OP1104,Intermediate,3.6,Morning,74.8,14.3,73.2,2,44.1,2.46,77.2,349,24.6,Eco,Swinging,2,4,11,76.4,2,Fastened,11.45,Structure,0,1.8,Clear,0,0,Clear,95.0,34.5,14.0,Dry,Flat,Zone B,Daylight,TSK-030663,Loading,3,855.8,855.8,190.8,0.704,162.6,236.5,55.6,25.1,LOW,0,0.0373,Normal,69.2,No_Incident,15.39
R001379,2026-08-20 09:48,STEEP_TERRAIN,WHL-301,Wheel Loader,Large Wheel Loader,13028.7,8.27,88.8,69.3,0.76,16.99,54.8,77.1,OP1068,Intermediate,4.6,Morning,81.4,25.6,78.5,2,73.1,5.25,74.8,144,70.7,Eco,Stationary,3,1,25,82.1,5,Fastened,15.49,No_Object,0,26.4,Clear,0,0,Clear,84.2,30.5,30.9,Dry,Embankment,Zone A,Dawn_Dusk,TSK-001379,Stockpiling,3,756.1,756.1,160.0,0.876,126.7,252.4,70.9,63.9,HIGH,0,0.2552,Normal,28.6,No_Incident,10.66
R001268,2026-08-20 17:00,NORMAL_OPERATION,WHL-302,Wheel Loader,Medium Wheel Loader,11445.7,7.37,84.6,63.0,6.96,10.91,71.9,60.7,OP1106,Experienced,8.4,Afternoon,67.1,19.8,73.1,5,47.3,3.56,78.5,183,26.0,Standard,Reverse,0,2,9,67.3,4,Fastened,14.4,Worker,1,1.5,Clear,1,1,Light_Rain,73.1,33.1,41.8,Wet,Haul_Road,Zone B,Daylight,TSK-001268,Loading,2,650.2,650.2,158.9,0.227,139.1,155.1,28.4,76.5,CRITICAL,0,0.1882,Normal,126.7,Proximity_Near_Miss,22.86
R022492,2026-08-21 08:44,NORMAL_OPERATION,EXC-223,Excavator,Large Excavator (30t class),9818.3,7.47,78.9,61.3,0.49,20.61,76.4,71.2,OP1109,Experienced,8.0,Morning,77.0,18.5,90.6,1,63.0,2.32,73.4,149,21.2,Power,Stationary,3,2,9,82.2,0,Fastened,12.56,No_Object,0,4.0,Clear,0,0,Heavy_Rain,33.1,25.3,0.0,Muddy,Gentle_Slope,Zone A,Daylight,TSK-022492,Excavation,2,345.9,345.9,79.8,0.843,69.2,122.7,41.5,19.9,LOW,0,0.095,Normal,20.5,No_Incident,8.34
R022850,2026-08-21 10:57,LOW_VISIBILITY,WHL-316,Wheel Loader,Large Wheel Loader,14597.3,9.97,77.8,58.3,4.26,11.41,59.4,59.0,OP1074,Experienced,7.4,Morning,78.6,38.9,93.6,1,85.0,4.91,71.6,55,33.1,Eco,Reverse,1,0,17,83.7,0,Fastened,4.38,Worker,0,13.0,Warning,0,0,Dust_Wind,34.9,25.5,85.2,Dry,Stockpile,Zone D,Daylight,TSK-022850,Loading,1,403.6,267.8,85.5,0.143,64.3,112.0,22.3,46.3,MEDIUM,0,0.046,Normal,97.6,No_Incident,12.0
R013342,2026-08-21 14:02,EXCESSIVE_IDLE,EXC-223,Excavator,Large Excavator (30t class),10057.1,7.47,83.5,61.9,0.3,7.88,73.5,58.4,OP1081,Experienced,5.7,Afternoon,64.4,43.9,74.9,0,59.0,2.21,69.6,106,129.1,Eco,Swinging,1,1,4,76.5,4,Fastened,18.76,No_Object,0,1.8,Clear,0,0,Cloudy,70.8,34.0,21.6,Dry,Flat,Zone A,Dawn_Dusk,TSK-013342,Excavation,2,350.0,232.3,104.6,0.464,70.0,228.4,29.9,6.2,LOW,1,0.8906,Excessive_Idle,120.4,No_Incident,7.77
R037662,2026-08-21 14:51,MULTIPLE_SIMULTANEOUS_RISKS,WHL-312,Wheel Loader,Medium Wheel Loader,6821.4,4.17,83.8,56.9,5.69,16.22,78.1,78.3,OP1013,Experienced,5.5,Afternoon,72.1,17.2,70.9,2,46.1,4.9,107.7,277,43.7,Power,Forward,12,11,32,79.2,8,Fastened,3.89,Worker,0,3.2,Warning,0,0,Cloudy,92.1,31.9,39.9,Dry,Haul_Road,Zone F,Daylight,TSK-037662,Material_Transfer,3,1352.4,1352.4,369.6,0.477,350.2,366.6,102.7,65.9,HIGH,0,0.2023,Normal,193.2,No_Incident,13.17
R020051,2026-08-22 03:28,POOR_WEATHER,WHL-315,Wheel Loader,Medium Wheel Loader,10347.0,7.37,81.4,58.3,3.9,11.83,69.5,65.9,OP1043,Expert,10.4,Night,83.5,13.6,84.1,4,58.2,3.63,77.5,113,13.9,Standard,Reverse,3,0,8,79.6,0,Fastened,5.29,Structure,0,8.4,Warning,0,0,Heavy_Rain,33.5,24.1,22.2,Muddy,Stockpile,Zone D,Night_Floodlit,TSK-020051,Material_Transfer,2,409.8,409.8,103.4,0.191,106.1,139.6,28.8,43.8,MEDIUM,0,0.0359,Normal,117.9,No_Incident,14.21
R021338,2026-08-22 23:35,EXCESSIVE_IDLE,WHL-303,Wheel Loader,Medium Wheel Loader,10471.7,7.38,75.5,50.9,5.6,7.14,67.4,45.2,OP1099,Experienced,6.7,Night,68.8,33.6,81.0,1,55.9,2.68,57.6,308,247.0,Eco,Forward,11,6,26,67.5,3,Fastened,8.33,Vehicle,0,3.2,Clear,0,0,Light_Rain,54.6,23.4,4.4,Wet,Flat,Zone B,Night_Floodlit,TSK-021338,Loading,1,824.3,824.3,226.1,0.78,176.3,495.2,57.7,48.2,MEDIUM,1,0.991,Excessive_Idle,113.4,No_Incident,14.29
R034723,2026-08-23 08:07,PROXIMITY_HAZARD,EXC-204,Excavator,Medium Excavator (20t class),2535.1,1.68,79.0,55.0,1.92,11.2,88.2,65.5,OP1010,Experienced,7.0,Morning,71.3,28.9,84.9,1,68.2,1.36,67.4,412,59.0,Standard,Forward,2,3,17,74.1,1,Fastened,2.21,Worker,1,11.6,Violated,0,0,Light_Rain,71.2,24.3,3.8,Wet,Embankment,Zone A,Daylight,TSK-034723,Backfilling,4,561.8,561.8,161.7,0.125,127.3,214.6,39.3,79.9,CRITICAL,0,0.0316,Normal,183.5,No_Incident,14.31
R009834,2026-08-23 09:10,HIGH_LOAD_OPERATION,EXC-204,Excavator,Medium Excavator (20t class),2582.9,1.68,80.5,59.2,2.2,14.16,89.5,71.7,OP1030,Intermediate,4.0,Morning,74.8,13.6,58.1,1,45.5,1.83,93.3,342,18.2,Standard,Forward,7,4,12,80.9,3,Fastened,4.99,Worker,0,6.8,Warning,0,0,Light_Rain,80.0,30.6,8.9,Wet,Gentle_Slope,Zone A,Daylight,TSK-009834,Backfilling,3,908.2,625.2,244.3,0.741,205.9,173.2,40.8,37.0,MEDIUM,0,0.2851,Normal,43.0,No_Incident,15.33
R019200,2026-08-23 15:02,EXCESSIVE_IDLE,WHL-307,Wheel Loader,Large Wheel Loader,5177.9,3.48,79.7,58.3,5.64,13.91,79.5,58.0,OP1084,Experienced,6.3,Afternoon,88.8,14.5,95.5,2,70.6,5.26,78.0,78,14.4,Eco,Forward,0,0,9,73.2,2,Fastened,5.31,Worker,0,0.0,Warning,0,0,Light_Rain,62.2,32.9,8.5,Wet,Flat,Zone D,Dawn_Dusk,TSK-019200,Stockpiling,3,409.0,409.0,74.0,0.157,68.6,89.8,20.4,30.2,MEDIUM,0,0.1883,Normal,73.8,No_Incident,20.08
R027158,2026-08-24 08:51,EXCESSIVE_IDLE,WHL-316,Wheel Loader,Large Wheel Loader,14815.9,9.98,80.9,59.7,6.65,12.97,62.4,62.6,OP1113,Intermediate,4.5,Morning,76.9,21.0,73.0,0,51.1,6.28,88.7,122,91.9,Standard,Forward,3,2,8,72.5,2,Fastened,13.0,No_Object,0,0.7,Clear,0,0,Clear,98.9,27.3,29.9,Dry,Haul_Road,Zone F,Daylight,TSK-027158,Stockpiling,3,763.1,763.1,153.0,0.325,127.9,211.6,48.3,24.1,LOW,1,0.9996,Excessive_Idle,145.6,No_Incident,15.79
R008010,2026-08-24 14:06,EXCESSIVE_IDLE,EXC-224,Excavator,Large Excavator (30t class),16011.6,9.78,84.5,63.8,1.94,21.81,49.4,62.9,OP1072,Novice,1.7,Afternoon,65.8,19.8,59.1,1,11.0,2.49,80.0,272,51.4,Standard,Forward,5,5,23,60.2,4,Fastened,6.37,Structure,0,5.9,Clear,0,0,Light_Rain,69.2,29.6,15.3,Wet,Gentle_Slope,Zone A,Daylight,TSK-008010,Excavation,2,676.3,676.3,189.4,0.832,135.3,226.9,82.7,40.4,MEDIUM,0,0.1695,Normal,39.2,No_Incident,8.18
R008284,2026-08-25 07:17,NORMAL_OPERATION,EXC-210,Excavator,Medium Excavator (20t class),3995.2,2.58,79.9,57.0,0.2,12.02,81.7,50.8,OP1061,Experienced,8.4,Morning,84.6,17.0,86.6,3,68.2,1.29,66.3,529,23.1,Standard,Swinging,1,1,8,83.6,0,Fastened,13.57,No_Object,0,0.5,Clear,0,0,Cloudy,93.8,29.0,26.6,Dry,Flat,Zone B,Daylight,TSK-008284,Loading,1,683.5,683.5,172.9,0.302,173.1,145.6,29.6,8.2,LOW,0,0.0357,Normal,96.7,No_Incident,23.05
R018142,2026-08-25 17:55,MACHINE_OVERHEATING,WHL-315,Wheel Loader,Medium Wheel Loader,10504.0,7.38,100.9,92.0,0.16,15.16,46.2,72.6,OP1056,Intermediate,4.6,Afternoon,80.1,13.1,69.5,1,52.2,3.82,84.5,150,17.0,Power,Stationary,0,0,10,78.6,1,Fastened,7.37,Worker,0,0.0,Clear,0,0,Light_Rain,70.0,32.9,17.9,Dry,Flat,Zone D,Daylight,TSK-018142,Material_Transfer,3,570.7,570.7,161.6,0.529,147.8,163.1,41.9,25.1,LOW,0,0.0786,Normal,81.8,No_Incident,13.63
R002008,2026-08-25 18:48,LOW_VISIBILITY,EXC-210,Excavator,Medium Excavator (20t class),4061.9,2.58,79.6,61.2,0.34,12.38,83.2,64.8,OP1061,Experienced,8.4,Afternoon,84.6,17.0,91.7,3,68.2,1.74,87.5,156,14.1,Eco,Stationary,1,2,16,81.4,1,Fastened,10.98,Material_Pile,0,1.9,Clear,0,0,Clear,24.5,33.1,22.5,Loose,Trench_Edge,Zone C,Night_Poor,TSK-002008,Trenching,1,271.2,271.2,121.4,0.71,94.0,90.8,19.5,21.1,LOW,0,0.1148,Normal,28.3,No_Incident,13.89
R019441,2026-08-26 03:06,NORMAL_OPERATION,WHL-310,Wheel Loader,Medium Wheel Loader,5734.8,3.68,78.8,56.3,7.07,9.06,76.6,45.2,OP1093,Intermediate,3.4,Night,77.1,10.9,71.8,1,46.6,2.17,46.9,297,23.6,Eco,Forward,8,9,19,76.8,5,Fastened,16.29,No_Object,0,1.2,Clear,0,0,Clear,51.0,26.3,22.1,Dry,Flat,Zone D,Night_Poor,TSK-019441,Loading,3,643.6,643.6,149.0,0.303,137.7,275.4,42.4,30.4,MEDIUM,0,0.0461,Normal,178.8,No_Incident,15.18
R008974,2026-08-26 06:17,PROXIMITY_HAZARD,EXC-222,Excavator,Medium Excavator (20t class),9793.5,6.39,82.5,58.3,2.7,11.05,79.8,62.2,OP1088,Experienced,8.5,Morning,76.8,29.1,66.5,0,51.6,1.45,73.0,577,76.4,Eco,Reverse,3,2,16,85.1,6,Fastened,3.26,Worker,0,5.7,Warning,0,0,Cloudy,86.9,27.7,14.2,Dry,Gentle_Slope,Zone E,Daylight,TSK-008974,Excavation,4,837.0,837.0,262.0,0.433,223.2,316.5,58.3,32.7,MEDIUM,0,0.0729,Normal,165.4,No_Incident,14.36
R030561,2026-08-26 15:57,UNSAFE_OPERATION,EXC-220,Excavator,Large Excavator (30t class),4167.7,2.29,80.6,67.7,4.17,27.08,89.3,73.8,OP1011,Intermediate,4.3,Afternoon,77.5,14.6,75.9,0,68.3,2.49,83.4,371,21.3,Power,Forward,1,4,23,71.4,3,Unfastened,4.92,Worker,1,3.8,Warning,0,0,Cloudy,89.8,32.8,31.9,Dry,Flat,Zone B,Daylight,TSK-030561,Loading,4,921.6,921.6,193.6,0.813,175.1,194.9,85.1,35.2,MEDIUM,1,0.6802,Unusual_Speed,36.2,No_Incident,10.84
R035960,2026-08-27 17:05,PROXIMITY_HAZARD,EXC-213,Excavator,Large Excavator (30t class),13944.1,9.99,86.5,68.2,1.81,22.42,57.5,76.9,OP1057,Intermediate,3.8,Afternoon,79.6,14.3,70.0,1,61.1,2.55,77.5,188,14.1,Standard,Reverse,5,1,19,78.1,2,Fastened,0.83,Vehicle,1,15.8,Violated,1,1,Heavy_Rain,42.9,28.8,5.8,Wet,Embankment,Zone E,Dawn_Dusk,TSK-035960,Backfilling,1,479.1,479.1,92.6,0.498,81.4,119.2,42.2,99.2,CRITICAL,0,0.0702,Normal,63.0,Vehicle_Interaction,11.36
R029380,2026-08-27 23:35,NORMAL_OPERATION,WHL-309,Wheel Loader,Medium Wheel Loader,14164.0,10.79,76.5,55.1,4.59,8.62,63.6,47.9,OP1006,Experienced,8.9,Night,78.9,23.8,83.1,1,64.8,2.85,63.5,223,53.1,Eco,Forward,3,2,21,88.7,2,Fastened,14.47,No_Object,0,1.2,Clear,0,0,Heavy_Rain,26.4,22.3,11.7,Muddy,Flat,Zone D,Night_Floodlit,TSK-029380,Stockpiling,1,634.4,634.4,175.5,0.868,142.9,250.0,36.2,51.8,MEDIUM,0,0.0636,Normal,34.0,No_Incident,17.51
R033142,2026-08-28 01:53,NORMAL_OPERATION,EXC-204,Excavator,Medium Excavator (20t class),2659.4,1.69,74.1,52.8,1.99,9.67,90.2,52.4,OP1060,Expert,14.1,Night,82.7,23.0,85.9,2,67.7,1.63,74.8,249,23.1,Eco,Forward,0,0,13,84.8,1,Fastened,11.97,No_Object,0,1.5,Clear,0,0,Fog,30.3,22.9,21.6,Dry,Flat,Zone B,Night_Floodlit,TSK-033142,Loading,3,405.2,405.2,114.9,0.704,102.7,125.4,20.2,22.0,LOW,0,0.0584,Normal,32.6,No_Incident,20.08
